time,x,y,z
35,2.20026,0.02969,10.47050
85,2.08984,0.11923,9.94902
135,2.05963,0.07584,9.76645
185,2.00955,0.05775,9.58723
234,1.97449,0.22827,9.44724
285,2.17828,0.03398,9.43506
335,2.17818,0.09927,9.42149
384,2.18484,0.44893,9.36647
435,2.38133,0.43059,9.34352
486,2.77147,-0.09743,9.19281
535,3.10263,-0.14543,9.30870
585,3.25972,-0.19916,9.46356
635,3.73917,0.15340,9.45279
685,4.32471,-0.87761,9.04614
735,3.86661,-0.84793,9.03725
785,3.77400,-0.64148,8.89934
842,3.83434,-0.56425,9.69632
885,4.07405,-1.42284,8.86151
935,3.59956,-1.16397,8.62730
985,2.85289,-1.20212,7.68346
1039,3.15565,-1.14798,9.01585
1085,1.97159,-0.64389,10.21964
1136,1.32996,-1.70795,8.25009
1186,3.52461,-1.06912,8.83110
1235,2.93634,-0.97313,11.15425
1285,0.92738,-2.21605,12.66151
1335,2.05933,-2.83733,8.84201
1386,0.76555,-2.86868,6.22466
1435,-0.27838,-0.65245,6.58913
1484,1.38176,-1.28015,9.28093
1535,5.38394,-1.14238,9.46877
1585,6.06194,-0.54358,9.55511
1634,4.40527,-1.78503,8.45317
1684,1.35254,-1.09027,8.10654
1735,2.14131,-1.16101,6.63673
1786,0.91093,0.55296,7.11520
1842,0.25464,-1.40053,10.27344
1885,1.77167,-0.05272,9.06339
1935,2.93678,-0.34352,10.05301
1985,0.60252,-2.04927,7.93736
2036,2.97597,0.99561,10.35713
2086,4.70082,-1.24767,14.35419
2135,-2.44788,-1.30659,10.59624
2186,2.68440,-1.39824,4.89555
2235,0.95622,-2.64453,10.91762
2285,2.09750,-2.67142,11.27959
2335,2.03928,-1.83763,9.70198
2385,-0.27176,-3.00943,9.11519
2438,-1.22409,-2.95787,8.42123
2484,0.39583,-0.26659,7.59714
2535,2.62389,-2.50937,11.60280
2586,-1.70494,-3.77075,14.80978
2635,3.84288,-1.32582,14.78935
2687,1.93846,-2.20383,11.46400
2736,0.30795,-2.75885,8.03026
2784,0.34631,0.23157,11.24609
2835,5.56847,-0.22028,6.32625
2892,4.84721,-0.98154,6.80779
2935,2.81154,0.20244,9.96867
2986,1.38522,0.45505,11.20847
3035,2.36365,-0.20770,10.37393
3086,3.70926,-3.06288,6.06036
3137,6.64157,0.53169,10.68884
3185,5.32324,-0.89613,10.06448
3235,3.12701,0.20160,7.08049
3285,0.48181,0.49147,9.44916
3336,1.90721,-1.45515,9.42197
3388,0.91399,-0.66093,4.47786
3436,1.01532,-1.81235,10.29741
3485,1.64186,-1.01006,13.30716
3535,-1.15823,-0.79471,8.44531
3586,0.43442,-0.76534,8.70477
3635,0.54190,-0.49541,8.72437
3685,-0.05309,-1.53679,9.55414
3737,4.62785,0.82939,7.82098
3785,-2.70781,1.43541,9.99352
3835,2.39720,-0.47809,8.07338
3885,2.09000,-1.51538,7.02998
3943,-0.47162,0.03262,7.59734
3985,3.11340,0.98068,3.58868
4037,-1.90771,2.06500,11.98651
4086,3.62694,0.44176,10.32919
4135,-0.87025,-0.05966,8.43263
4185,2.86475,0.30017,5.33609
4235,6.97169,1.89008,3.86603
4285,2.18108,0.45262,4.88031
4337,8.61034,2.10971,4.82713
4385,3.81685,1.76527,11.05487
4435,2.15056,1.27206,7.56068
4485,2.35658,0.82727,10.57932
4535,4.98979,-1.23248,8.10583
4588,4.89085,1.18523,12.96916
4636,0.47589,-1.25616,14.63303
4686,6.87265,0.37926,12.75406
4735,4.18130,0.15021,13.69099
4785,1.99210,1.54448,8.15327
4835,3.91190,2.44182,9.42209
4886,-2.86017,0.06201,9.79117
4941,-0.95538,1.08455,11.57748
4985,0.63208,0.33719,7.52753
5035,0.99768,-2.12563,10.22385
5085,1.86731,-0.91818,11.01070
5135,2.52029,0.42685,9.50691
5185,0.66382,-0.07111,9.02908
5235,1.70370,-1.23924,8.16023
5286,4.76767,1.78235,7.67673
5335,2.94029,-1.48157,7.24315
5385,-1.64586,-2.03987,6.22472
5436,-2.13358,-0.70976,12.33475
5485,4.11151,-1.14621,12.34683
5535,3.00702,-1.16409,4.97777
5585,0.91722,-0.33275,8.24527
5636,-0.74879,-1.30510,7.70656
5685,1.60120,0.69008,11.16322
5735,2.22545,0.25372,9.15430
5785,2.63293,0.93260,11.27029
5836,6.08031,0.57007,7.95068
5885,5.22354,0.34111,5.94939
5935,-0.31070,-0.72072,8.62022
5996,1.13406,-1.17543,5.32028
6034,7.79108,3.12462,6.79724
6085,2.72581,1.01775,5.99883
6136,3.46004,0.61742,7.69423
6185,-0.47571,-0.82536,8.32872
6235,1.49535,0.74113,11.72554
6285,3.08136,0.86449,9.51563
6336,6.87631,3.73235,11.67873
6385,6.02458,0.03276,4.53703
6436,2.45895,1.43213,8.04727
6485,0.69827,1.72339,9.40985
6536,7.00980,-1.03638,9.96928
6585,6.78658,-0.41487,4.62442
6635,2.48679,0.07477,9.90291
6685,0.84198,0.17636,4.07510
6735,2.69450,1.00108,6.36333
6786,2.15425,0.15820,6.17848
6836,-0.43396,-0.43600,12.70680
6887,4.68947,-0.02597,15.84457
6935,5.01724,0.19072,11.56757
6992,4.26956,0.92804,9.69989
7035,1.16528,0.75958,12.44119
7084,4.66248,1.40015,7.05292
7135,-0.86873,-0.83031,13.40596
7186,1.86250,0.45625,11.67567
7236,-0.31177,-1.10838,11.12502
7285,0.77443,-0.93900,11.14641
7335,1.22272,-1.45320,10.08299
7385,1.27957,-1.35286,12.80096
7435,3.70355,0.42630,9.87868
7485,-0.25818,-0.39082,9.83159
7535,1.04672,-0.26207,14.67186
7585,6.03564,-0.67534,8.33090
7635,3.96750,-0.15433,6.51349
7685,0.84140,-1.09933,11.70477
7737,6.62248,1.32838,3.61223
7785,-0.25133,-1.13727,10.68378
7835,3.30727,-1.07437,4.73820
7886,5.62869,0.08633,8.17268
7936,-0.59787,1.23099,9.33516
7991,2.00264,0.61490,11.06691
8034,4.50298,-0.82268,12.21281
8085,1.79442,1.28569,7.59492
8135,2.21664,1.73752,11.38562
8187,2.94133,0.95811,6.39407
8235,0.44080,-2.54655,9.56393
8285,4.54486,1.72348,6.40393
8336,0.20810,-0.00264,3.66066
8384,0.96854,-0.60306,3.18614
8436,2.00597,1.25549,3.29170
8485,2.55035,-0.19633,4.03241
8535,3.61533,-0.60599,16.98601
8585,2.88704,0.35892,14.19312
8636,0.76245,1.32149,13.62416
8686,-0.06030,2.01657,6.24925
8735,-0.01288,1.61380,4.64548
8785,7.54366,1.73351,9.44434
8835,4.92642,1.54311,10.88156
8885,0.74390,0.00272,8.39545
8936,2.40913,0.33807,1.36177
8989,6.93063,1.53145,8.18272
9038,4.38353,1.56831,8.92493
9084,6.01117,3.22128,11.02753
9135,4.22247,1.02626,3.64281
9187,1.01849,0.51793,9.07986
9236,4.78993,-0.19913,8.21078
9285,1.66043,-0.81415,9.75352
9335,3.12341,-0.37083,8.72504
9385,1.57458,0.19897,9.18723
9435,4.52596,-0.38492,10.96928
9485,4.41026,0.28250,12.33588
9535,4.78485,0.96985,9.17241
9586,4.05099,0.40129,7.19722
9636,3.38022,0.29549,4.58189
9685,-0.57130,-1.97874,11.33876
9735,3.89127,0.36722,11.32678
9785,-1.04080,-2.40582,12.63237
9835,3.57140,-0.40511,13.07217
9885,6.07036,0.84435,10.25122
9935,2.70366,-0.67151,11.88086
9991,4.44289,1.65013,9.02031
10035,0.10016,0.49606,1.72665
10084,-1.03302,-0.47322,10.16628
10135,4.93292,-1.61562,13.60303
10186,3.47305,0.13487,11.46385
10237,5.52216,0.32941,14.72826
10285,2.30026,0.99893,8.79439
10338,2.54524,0.26523,12.41441
10389,6.65594,2.60458,4.80707
10437,-1.06514,1.58592,8.86491
10485,0.17964,1.18173,8.75647
10535,3.38670,1.27997,5.06844
10585,0.75912,0.83824,9.81343
10635,3.03169,0.42099,13.64627
10685,7.61128,3.22655,15.00101
10735,1.51906,-1.14870,8.96355
10786,3.35562,-0.43523,9.29665
10837,4.95381,-0.63872,9.97444
10885,1.94647,-0.87921,6.14337
10935,1.27992,0.14772,10.48239
10995,2.24478,-1.19708,5.27036
11035,0.53358,-0.10963,13.01605
11085,5.09535,0.30513,7.46228
11135,3.11385,-0.95805,8.30011
11185,3.94885,-0.04617,5.96837
11236,4.90109,-0.18617,13.20268
11285,0.26280,-1.00351,14.27301
11335,0.98825,-1.69289,9.33308
11389,-0.27257,-1.22079,18.24821
11435,2.55402,-1.39648,6.72864
11485,0.98682,0.28896,5.95581
11535,-0.25639,-0.66927,9.85757
11585,-0.52081,0.62657,4.75789
11635,1.37566,-0.78802,8.01935
11687,-0.21085,-0.00652,7.48116
11735,1.98415,0.10300,7.57893
11785,5.05147,0.98492,7.59459
11836,3.01237,-2.10246,3.95255
11886,-3.44881,-0.54807,13.46844
11935,3.48035,0.25079,8.78577
11992,-1.82179,-0.08168,14.01691
12034,3.47078,-0.90569,14.56947
12084,2.90361,1.10001,11.17551
12136,-1.05139,-2.13153,8.50105
12185,1.27815,-0.45407,6.43854
12236,3.18282,1.13873,14.27798
12285,1.59177,0.71754,9.76654
12335,-2.57181,-0.61917,12.53848
12386,2.09299,0.26942,8.60886
12436,0.45157,1.59491,11.09790
12485,1.00592,0.81268,13.24069
12535,2.36520,0.44327,11.95578
12585,5.87520,1.44269,9.59270
12634,2.42053,0.77573,11.15793
12685,3.32722,1.16946,11.97047
12737,3.29941,-1.81337,11.04071
12792,2.23485,-2.22304,10.65146
12835,2.15691,-1.16174,11.41602
12885,-1.67506,-2.11328,13.40555
12935,-2.31511,-2.05925,6.01669
12998,-0.58685,0.05840,16.51898
13034,-1.86595,-1.00639,12.93182
13085,4.65114,0.02017,11.34003
13135,1.84583,-0.04482,7.68068
13185,5.12030,1.66612,6.90654
13236,2.32951,0.46861,8.04141
13286,0.87349,-0.55824,9.65465
13336,2.83788,-0.60245,7.77988
13386,0.02435,-0.20811,9.84096
13435,0.71097,0.48486,9.72108
13486,0.81178,-0.20250,9.87001
13534,1.83052,0.31203,11.01736
13584,0.79395,-0.95734,10.14001
13635,2.74568,-0.30563,7.91052
13685,3.91010,1.08781,12.83363
13736,-2.06926,-2.25899,7.41458
13789,-0.64555,-2.00339,11.20647
13835,3.71509,-0.45625,8.45108
13885,0.92181,1.81178,15.45836
13935,-4.09811,-3.18956,6.37595
13985,-0.66028,-1.97273,6.72658
14045,5.39943,-1.65149,10.24191
14085,2.25871,-0.93225,13.27205
14135,-0.79372,-2.00395,7.78474
14185,3.99118,-2.60712,7.41914
14235,3.79495,0.09575,9.07666
14288,-2.30901,-1.46593,8.12447
14336,0.02188,-1.61792,4.45226
14385,-0.36060,-1.22295,15.72734
14438,-3.49908,-1.84036,14.47751
14484,5.07921,0.46815,5.16737
14535,1.58676,-0.34578,11.08122
14585,0.44995,-1.56732,10.08409
14637,4.24094,1.34732,8.89297
14685,-4.15047,-0.13828,17.07643
14735,3.04247,1.15051,11.50896
14786,7.51382,2.74637,9.45334
14836,-4.40950,-0.76274,14.70818
14884,0.05544,-1.01399,10.76154
14935,5.22820,1.03464,4.48831
14985,1.64322,0.20973,5.76349
15038,-1.54640,-1.52489,-7.59885
15085,-0.39624,2.77856,9.54875
15135,3.76477,-1.04341,7.81152
15185,9.30986,1.51039,12.01332
15236,4.30409,0.97539,6.06577
15285,1.95435,1.12344,8.40439
15335,2.79497,1.25835,11.69351
15384,5.56311,0.21561,3.18027
15435,1.36607,-0.78114,5.44012
15485,-2.66467,-0.67390,8.84254
15535,0.24092,-1.74443,8.47722
15585,-1.04202,-1.49107,11.01868
15635,-0.35869,1.16145,9.31714
15686,2.54201,-2.98656,14.68794
15735,3.94128,0.91002,10.12885
15785,0.53418,-1.01936,10.14449
15836,2.89883,1.50664,9.40698
15885,0.10292,-2.42679,10.34654
15936,2.19347,0.34636,13.33073
15985,3.34209,-0.41364,13.25339
16041,1.36276,0.58315,3.54063
16085,2.00893,0.89459,7.60666
16136,0.87288,0.46660,6.22011
16185,1.81204,-0.42667,9.75224
16235,0.08000,0.96349,9.35953
16285,1.13503,0.04605,8.78156
16334,2.12373,-0.62335,10.53238
16385,5.91339,1.96353,8.75171
16435,4.19846,1.75508,16.38507
16489,0.10042,0.54959,17.89500
16534,0.90317,-0.89017,15.44283
16585,7.39537,1.91252,10.03122
16636,0.54675,-1.80565,13.34631
16686,0.24077,0.08983,11.48030
16735,1.50098,-0.66098,10.62018
16785,5.48965,0.48077,8.34006
16835,3.78979,-0.81470,10.80586
16885,0.50960,-2.43257,8.27524
16936,3.44920,0.44824,10.28867
16985,1.97786,-2.19455,8.46458
17039,2.96684,-0.51245,9.14691
17085,0.48389,-0.80688,10.17166
17135,1.58432,0.05511,10.63300
17185,3.58026,-1.61980,13.75609
17235,0.63547,-1.43707,13.23227
17286,-0.32047,-0.33298,10.93591
17335,1.12790,-1.23618,10.33987
17386,3.72850,-1.10109,5.59436
17435,-0.67551,1.30376,12.40202
17485,3.14027,2.07388,10.87376
17535,-2.31519,-1.20511,19.27473
17584,2.27452,0.55775,7.25388
17636,2.61200,1.50587,7.64684
17685,2.74226,0.52399,12.02896
17735,-0.52336,-1.99200,14.72552
17785,5.49611,1.12766,11.28636
17836,-3.19461,-1.62086,14.41895
17885,0.91750,-2.00304,14.43765
17935,3.06516,-0.39278,10.45735
17985,3.65610,1.14963,7.05292
18053,1.72488,3.16621,8.38420
18085,3.85451,-1.23610,5.24675
18135,6.13222,0.84375,4.96448
18185,3.97583,1.47491,4.95427
18235,0.22325,-0.63200,9.17046
18286,6.08380,0.84410,7.55997
18335,0.46471,-0.40500,10.14227
18385,0.78111,-1.95018,7.41528
18435,3.30205,1.01224,4.91649
18485,2.11530,-0.09081,8.91708
18535,1.54910,-1.45380,13.47917
18587,-2.31851,-2.80573,10.22220
18635,4.36040,-0.48882,2.65547
18686,1.10771,0.34433,13.52834
18735,3.50522,-0.51431,9.91231
18785,1.20065,0.36124,7.29585
18835,1.72379,-0.24821,11.19995
18885,7.09044,0.37672,1.52458
18936,7.60350,0.16687,10.45631
18985,1.65405,2.10995,15.88394
19042,9.21776,4.06219,9.34969
19084,-8.30032,0.09195,0.72704
19135,-0.51917,-2.23537,-5.58101
19186,-2.94037,-0.41867,8.62636
19236,3.06618,3.63033,-0.44720
19286,1.94839,1.15642,6.89197
19335,-0.50891,-0.27621,8.67805
19386,1.82620,-0.47722,9.25932
19436,2.45074,-0.32675,8.26830
19485,-0.64235,-0.33200,4.98351
19535,5.94505,-0.85922,10.81355
19585,1.76378,-0.76309,8.54546
19636,-0.19702,-1.95419,12.36781
19686,-2.80127,0.33105,0.26031
19735,-2.15068,-4.17468,6.02565
19789,7.81046,2.39713,11.81430
19835,2.88217,0.04718,14.67438
19885,1.29420,-0.15912,5.64655
19935,1.94638,0.47084,2.88622
19987,9.72026,-0.63394,1.85330
20043,-5.28221,-0.60487,17.10489
20085,-3.86752,-2.68787,8.87288
20135,3.76852,-1.86705,10.66679
20185,4.14844,0.78575,9.29442
20236,-1.04707,-2.28584,14.92984
20285,1.84529,-2.22923,11.31468
20335,4.25868,-2.47733,6.98929
20386,6.62569,1.76434,14.00969
20436,0.07071,0.13733,14.65393
20484,-4.05702,-0.33379,10.92885
20534,3.75288,1.55632,6.78772
20585,3.09097,0.68817,8.67068
20635,2.40419,1.88139,5.82040
20685,1.18044,-1.27080,6.12675
20735,8.66391,2.01871,1.03165
20787,9.02992,2.65588,9.43333
20836,-3.73628,-1.08530,7.49823
20884,-0.55714,2.68129,2.97641
20935,0.98196,3.93294,4.89494
20985,4.02757,-0.83437,0.07199
21034,-0.96191,-0.13753,4.71342
21088,2.98969,0.31779,3.01979
21135,7.79219,1.68953,7.50403
21187,0.70987,-0.93884,8.81657
21235,0.73244,-0.27347,12.35852
21285,0.66882,0.40521,10.96918
21336,0.51848,-0.44475,9.95024
21384,2.87454,-1.10478,12.06790
21436,3.01302,0.65111,8.20427
21485,-1.23378,-1.50317,16.87849
21535,0.24805,-1.16222,2.56104
21585,4.94818,0.43840,11.24634
21635,2.58415,-1.35393,6.91931
21685,0.46786,-1.15108,13.15323
21736,2.77841,-1.38109,4.24075
21786,-3.79031,1.06116,10.97346
21836,2.41217,-2.21536,1.62991
21885,11.44131,0.23228,-6.21582
21936,6.57542,1.72112,7.65175
21985,-5.26736,2.67725,-10.00105
22036,3.84654,-1.65952,2.13339
22089,-1.27393,0.93871,17.35742
22135,3.93512,-0.76089,8.70937
22185,0.42450,-0.86620,10.23647
22236,-1.98431,-0.29181,6.20377
22285,2.35634,-1.14644,9.19061
22336,3.14304,-0.12761,1.81648
22385,8.85495,2.40065,5.00766
22435,1.57266,-0.63983,14.56996
22485,2.79555,-1.43626,7.18944
22535,2.28725,-0.39690,13.10646
22585,2.62822,-1.43489,11.73007
22636,0.76823,0.27261,12.58295
22684,2.48314,-1.08524,9.87036
22735,-0.18245,-0.31557,7.33337
22785,2.78662,2.43962,10.04420
22835,2.14293,1.27824,13.05591
22885,1.57117,1.34392,8.01704
22935,3.29620,0.93570,9.28627
22989,0.33688,2.05484,14.29387
23035,3.17667,-0.39751,10.14604
23091,0.88745,0.63934,11.68752
23135,3.27173,0.21848,6.77057
23185,2.43958,-0.44087,7.18188
23236,2.63289,-1.12759,8.13762
23285,-0.12523,0.78535,8.24391
23337,0.96075,-1.47475,9.19250
23385,3.23558,-0.81662,8.45906
23436,0.13118,-1.79832,10.28729
23485,1.69420,1.29436,11.31259
23535,2.59761,1.08240,11.42894
23585,1.12740,-0.15855,11.62706
23635,-0.26482,0.79352,12.52832
23685,0.68655,-1.74391,9.25337
23735,3.69839,3.37981,8.77928
23784,0.97876,0.21742,8.14207
23835,1.92398,-2.18144,7.80159
23885,4.15317,-0.66246,7.97150
23935,2.42130,-2.90132,8.74414
23985,-0.76141,-2.64189,13.80864
24035,0.70764,-0.71675,11.27612
24091,2.03946,0.60309,8.75737
24135,3.42596,-1.68170,6.76515
24184,0.33475,-1.00075,11.54822
24235,1.38530,-0.66278,6.65770
24287,1.19698,0.10504,9.02574
24336,2.29355,-0.43813,6.26924
24385,2.57574,0.04553,9.09563
24437,1.42381,1.78557,12.84982
24485,3.91235,-0.42334,11.31197
24534,0.86722,-1.78706,14.41647
24585,1.32874,-0.11728,17.55208
24635,-0.94293,-0.08220,11.23373
24685,5.89613,1.47000,11.91301
24735,2.82541,0.10104,9.70372
24786,2.50929,-1.07214,9.36772
24835,3.73640,-0.02760,9.58743
24885,6.88940,2.11331,4.10193
24936,4.60428,3.60983,2.87711
24985,2.97072,1.70477,6.77539
25035,-1.47447,0.89674,9.95856
25090,3.61612,0.83170,10.62450
25135,0.10680,-0.19055,13.25819
25185,1.51970,-1.09146,4.92123
25235,3.43515,-0.97623,6.21504
25285,1.38840,-1.41447,11.70807
25336,1.99503,0.49559,7.20058
25387,0.76932,-0.57333,7.02371
25435,3.56279,-1.18666,8.68423
25485,2.27757,0.57402,8.11975
25535,2.84071,-1.76300,5.80545
25585,9.75708,1.33228,3.97621
25636,12.42932,2.86505,13.74098
25688,4.32118,1.33708,16.19507
25735,-0.76257,-0.85091,13.51093
25785,3.43564,-0.67938,5.37607
25837,1.40849,0.46159,-0.15727
25886,-1.88553,-2.03262,12.30089
25936,4.32603,0.89198,6.05836
25985,0.62650,-2.63129,9.11990
26036,4.53444,0.51190,4.80850
26086,2.37450,0.46983,8.47826
26143,3.37355,1.39711,3.67377
26185,11.49281,1.46173,3.02061
26235,3.08652,2.38631,0.46495
26285,11.65433,3.33139,6.25365
26335,2.01787,1.51060,4.51564
26386,4.94737,0.29051,8.03117
26436,2.77385,-0.93074,7.58461
26485,1.58963,0.20546,6.69698
26535,1.09024,1.54068,7.30978
26585,4.94926,1.45137,5.61119
26635,4.76645,0.15945,12.09621
26685,3.76088,-0.36647,8.21320
26735,5.67603,0.34314,6.54811
26786,0.91959,-0.29401,12.16943
26835,1.08827,-0.08969,14.31367
26885,2.24561,0.63168,8.41295
26935,0.05803,1.78407,5.40295
26985,1.25325,1.26250,7.28552
27035,2.77048,0.02246,7.09404
27085,-0.23248,-1.78397,12.40129
27142,2.88554,0.51160,6.28323
27185,3.82265,0.39635,7.13556
27235,-1.31551,0.02441,14.91428
27284,-2.86182,-3.27866,14.66141
27335,0.91826,-3.42265,9.38402
27388,6.84084,-0.03297,8.01109
27437,0.89647,-2.29802,5.11581
27484,-8.01941,-4.30171,19.24471
27535,-3.18571,-3.57039,23.49130
27586,4.92557,-0.16318,15.14569
27636,2.95673,1.32652,7.60867
27685,2.08002,0.99313,8.58884
27736,2.06613,-0.25053,9.77138
27785,2.88800,0.34917,9.66081
27835,1.00752,-0.68709,10.05252
27885,-0.08580,-0.69032,7.23560
27937,2.15929,0.21004,11.09073
27985,3.23906,-1.02998,7.28525
28036,1.35719,1.79494,13.42897
28084,2.20840,-2.05920,6.25948
28150,1.90352,0.76599,8.58794
28185,-2.30048,-0.80908,13.13280
28234,-0.63300,-1.26488,7.43987
28284,4.87816,-0.99754,9.88550
28334,2.28802,-3.35318,13.17929
28388,5.33145,-0.82918,7.37598
28434,3.05774,-0.14943,9.37860
28485,-1.16579,-1.52249,14.84483
28535,2.60408,-0.40359,5.46558
28584,1.16396,0.57413,9.29829
28637,-2.07655,-0.54727,14.99356
28685,-2.79004,6.55159,-1.40488
28735,2.38168,-1.20270,8.54347
28787,-3.45692,-5.63805,23.51422
28835,4.86095,-1.67253,6.43629
28886,4.45395,-1.45688,9.06004
28936,-0.58765,1.24371,12.48161
28986,-0.28061,-2.40759,8.75067
29036,3.56183,0.76917,7.73535
29085,3.68561,-0.00967,8.05870
29141,2.29630,0.48868,10.54836
29185,1.26186,-1.74112,8.28366
29235,4.03174,0.00249,9.22685
29285,3.16507,-0.89691,8.21841
29336,-0.74437,-1.98177,15.72517
29385,1.78928,-1.04048,9.30954
29434,0.64163,-0.74135,12.34988
29485,1.24356,-1.99612,9.74535
29535,3.81566,-0.71512,12.83643
29586,-0.52881,-0.38887,8.51968
29635,0.70569,-1.27234,11.90598
29685,1.84058,-1.62625,7.96680
29735,3.69067,-1.67892,7.34555
29785,1.60138,-0.76698,9.52809
29836,2.85309,-1.35802,7.24736
29885,1.81183,-0.95256,10.14575
29935,-0.57973,0.55339,9.90031
29985,2.25867,-0.75465,9.37865
30035,2.35168,-0.61034,9.42250
30086,-0.08485,-0.95062,12.68340
30145,1.60579,-1.28517,9.91418
30185,3.28490,1.29008,9.72115
30235,1.46526,0.62350,12.86906
30285,2.50058,0.36578,9.80841
30336,0.42212,-0.81529,11.92363
30386,2.42522,-1.26106,11.17726
30436,3.08234,0.01131,9.65929
30485,2.31009,-1.12302,10.39027
30536,0.35966,-0.06165,11.89000
30585,2.23792,-1.51076,10.67062
30636,4.15273,0.06609,9.89819
30685,1.59155,0.50276,10.29070
30734,3.92772,0.17612,4.91466
30784,1.89211,0.01476,6.12128
30834,1.53378,-1.22177,10.45445
30886,1.77570,-0.40747,9.97232
30935,2.06261,-0.53363,9.09262
30985,1.35535,0.96281,10.57132
31035,0.58572,-0.73425,10.71872
31085,2.80865,-0.75340,7.10786
31145,2.46590,-2.22083,8.81250
31185,2.54822,0.05511,7.81134
31235,0.90431,-0.41106,9.90504
31285,0.81007,0.59822,10.09163
31335,0.62491,-0.94804,7.16891
31385,3.21432,0.45097,6.26157
31435,1.63133,-2.54646,9.23418
31484,2.25607,-2.36591,8.19611
31536,1.95605,-0.98230,10.18668
31585,-0.01518,-0.93362,11.95203
31635,2.25011,-0.41360,7.52237
31685,0.02922,0.07695,12.11407
31735,1.11072,-1.07785,9.77328
31785,0.64995,-0.14510,12.48149
31835,1.42975,-0.45407,12.77991
31884,2.21593,1.14243,13.98647
31935,1.24350,-0.92220,10.74876
31985,-0.18045,-0.13174,11.75256
32034,3.44673,0.27684,8.51570
32085,0.64984,0.42160,14.44078
32135,2.88370,1.07413,9.35030
32189,2.97847,-2.17120,4.04085
32235,-1.97273,-0.64691,13.70265
32285,3.36417,-0.91405,9.82619
32335,2.14209,0.24010,10.53888
32385,0.50906,-0.30847,9.18524
32435,0.81039,0.23007,8.48154
32485,2.96126,0.26987,9.76926
32535,2.37613,-0.02766,10.15071
32585,-0.93619,2.07040,10.97940
32635,1.71660,0.62971,6.32413
32685,3.92546,-0.11902,9.01163
32735,-0.43851,-0.72401,11.27568
32785,0.29327,-1.50085,9.27390
32835,2.59137,0.84077,8.49033
32886,2.08249,-2.14510,5.60689
32935,2.07555,0.10001,12.00183
32985,0.95293,0.52397,9.15341
33036,1.62900,0.57877,7.01807
33086,2.21738,-0.87410,9.64723
33135,1.88750,-0.63193,10.51088
33189,-0.44960,-0.74219,9.07651
33234,2.46582,-0.14676,9.59869
33285,4.46277,0.69981,5.57855
33336,2.43134,0.07451,10.10187
33385,3.32523,-0.95404,9.02974
33435,-0.57744,0.31772,11.43631
33485,4.21927,-1.62703,6.91913
33536,1.61618,0.83145,14.12286
33588,2.54904,-1.40263,12.39973
33636,3.98273,1.41283,10.86838
33685,-1.47220,-0.45415,11.02943
33735,0.86386,-0.51329,7.37654
33786,0.97188,-1.12651,10.12685
33836,1.51703,-0.94795,10.89130
33885,2.48457,-1.88531,8.19556
33936,-0.36366,-3.13785,11.27434
33985,3.26807,-0.22717,7.85979
34035,3.13060,1.07724,8.77585
34085,1.70409,0.75243,9.03561
34134,1.80502,0.66081,9.14291
34189,1.81573,-0.51686,7.59499
34235,2.43494,1.03067,10.08888
34285,2.06664,-0.17776,9.34818
34336,2.09871,-0.74870,9.43411
34386,0.98914,-1.24301,7.69305
34435,2.90323,0.28110,11.52220
34485,1.46693,-1.54344,5.59506
34535,5.28442,-0.01260,8.08470
34585,-1.63582,-1.73047,8.40797
34635,1.73996,0.24472,6.82210
34687,2.27899,-0.53596,10.81647
34737,-0.34531,-0.20534,12.78445
34786,1.51407,1.33667,14.22949
34835,3.14296,0.02316,9.14357
34885,2.06366,-0.20372,8.98030
34936,0.64116,-0.05917,8.99863
34986,2.85057,-0.96237,8.53284
35035,1.34692,-1.18524,12.84323
35087,3.14145,-0.66977,8.78749
35137,2.70403,0.76193,11.79999
35185,1.43086,0.58662,11.79829
35238,2.47238,-0.58308,8.51163
35285,4.16425,1.22729,11.66193
35335,0.83809,-1.75658,9.77873
35384,0.56390,-1.23483,9.64738
35435,0.20311,-0.29391,9.39516
35485,3.27321,-1.90048,6.74559
35535,0.94803,-1.13086,13.06952
35586,2.27205,-0.95107,10.36702
35635,2.79451,-0.05980,11.08514
35686,3.43558,-0.49387,9.77884
35735,0.91467,0.10043,6.09814
35785,3.40071,-2.02127,6.23080
35835,1.11157,0.10568,8.18938
35885,1.53130,0.65190,10.37199
35935,1.78725,-0.10443,11.45078
35985,0.96082,-1.33229,11.08124
36035,1.40556,-0.66954,8.67636
36085,2.31927,-0.55731,8.79567
36135,0.69727,0.76419,11.00575
36185,1.72293,-1.92104,6.95499
36240,1.21796,-0.04356,8.00417
36285,2.58113,-0.49115,8.16273
36337,1.23572,1.28116,9.27614
36385,2.72911,0.60439,10.05653
36436,-0.64725,-0.25998,11.71001
36484,-0.23085,0.52029,13.34242
36534,1.58797,-0.96953,12.20097
36584,1.25952,-0.18155,9.81239
36635,2.40814,-0.52061,9.07689
36684,0.55333,-1.45793,5.74722
36735,3.22345,-1.75639,9.77916
36786,1.64719,-0.09673,9.42838
36835,3.52248,0.11209,7.54216
36886,3.16338,-0.41176,3.38446
36935,1.67416,-0.35284,10.66396
36985,1.41762,-1.41902,11.06235
37035,5.82872,-1.14412,7.27174
37085,0.18239,-0.74115,7.82788
37134,0.08418,-0.27357,10.43529
37185,2.87561,-0.31383,9.93758
37240,2.19522,-1.56207,9.32870
37285,0.87488,-1.10532,10.57866
37335,2.15286,-1.23227,7.53456
37385,-0.22311,-0.25455,10.48233
37436,2.53143,-1.39180,7.79463
37485,2.39871,-2.81572,9.79721
37536,0.80670,-1.04227,11.55544
37585,0.11140,-0.33842,14.38930
37635,3.02048,-1.60208,9.22110
37685,1.29628,-1.07103,6.92854
37734,1.01793,-0.00435,9.74654
37784,2.84276,-0.80237,5.70303
37835,-0.66548,-1.07193,9.94817
37885,0.35178,-0.37492,14.05858
37936,3.57111,-3.05643,15.76398
37984,0.91852,-4.27628,8.13029
38036,1.58273,-1.67644,8.91440
38086,2.32089,-1.59782,8.59795
38135,-1.30362,-0.27637,9.39247
38184,4.23271,-1.94440,5.62288
38246,2.26848,-0.21500,10.91765
38284,1.31293,-2.11458,10.76579
38335,3.00935,-0.62346,8.73465
38385,1.31258,-1.01802,8.18532
38435,1.71619,1.84782,10.26064
38486,2.93712,0.18391,8.90526
38535,-0.08566,1.64282,12.21017
38585,0.55356,-0.94405,8.79755
38636,1.28604,-1.77486,8.87415
38685,3.02278,-1.79596,7.81026
38735,1.66666,-1.33688,8.00848
38785,2.64479,-0.67435,7.14272
38835,2.47163,-0.85165,8.60815
38885,0.69455,-2.33279,7.37878
38936,1.11925,-0.65628,10.42053
38985,0.55997,-0.73253,13.59564
39034,1.00496,-1.28911,9.18739
39085,1.29858,-1.96150,11.37270
39135,2.61205,-1.49258,11.63774
39185,0.76601,-0.32779,12.02811
39245,0.77144,-2.02437,8.84554
39285,2.49603,-1.07626,10.47774
39334,1.54565,-1.11971,10.24844
39384,3.89297,0.01250,8.06531
39435,2.62230,0.83308,9.56558
39485,3.46718,-1.21881,6.34549
39535,0.92326,-0.98912,8.72397
39585,1.70012,-0.91051,6.50374
39635,1.54445,-0.60858,7.68700
39686,1.62523,-0.11349,9.76591
39735,4.14253,-0.80080,9.09537
39787,-0.73410,-1.15683,14.54401
39836,2.72762,-0.57683,7.98430
39885,3.52751,-1.53381,6.67317
39935,2.26659,1.00143,14.13345
39986,1.51175,-4.79594,12.29642
40035,2.29683,-0.70988,11.67818
40085,0.88620,-2.29340,8.51793
40136,3.96696,-1.67493,3.06006
40185,6.71651,0.77211,4.21597
40238,7.67285,1.08319,13.91701
40285,-1.45717,-2.36877,10.04388
40335,-5.27666,-0.76913,11.08363
40385,2.55499,2.66632,12.61264
40436,0.78178,-0.19812,8.97154
40485,3.29115,-0.59308,10.25673
40535,0.65182,-0.47864,10.32317
40585,0.78113,0.76987,12.28716
40635,-0.30843,1.05980,9.59399
40685,4.12831,-0.78340,8.07661
40735,-2.52721,-0.25949,7.85204
40785,1.33159,1.74608,9.58461
40835,5.01891,-0.95319,4.42635
40886,1.16571,-0.12964,9.31685
40935,2.90062,0.07494,7.91307
40985,0.23795,-1.04997,15.38821
41037,1.21159,-2.07835,9.39087
41086,2.85524,1.55940,10.74316
41136,3.45009,-0.73486,8.69386
41185,3.05800,-0.66127,10.68195
41238,2.89993,-1.38687,9.81300
41285,4.28128,-1.90303,6.84831
41335,-0.63727,1.04938,12.16856
41386,3.08968,-0.78346,9.08913
41435,2.60638,-1.64496,9.35678
41485,1.15396,-1.04546,10.51643
41536,3.33362,0.13835,11.60785
41585,1.81645,-1.53442,14.05048
41635,2.08842,-1.81398,12.13493
41684,1.21666,-2.75812,10.72604
41735,6.14601,0.75047,10.14799
41785,3.09370,-0.63174,8.40332
41835,4.83720,-0.03508,4.35376
41885,-1.91925,-2.07623,13.06793
41936,2.40733,-0.93460,9.62093
41985,1.34163,-3.77713,12.36818
42035,0.82817,-3.24959,10.80806
42086,2.12794,-0.72626,10.11327
42134,2.51411,-0.46669,8.29715
42185,3.63010,-0.51093,9.14406
42251,2.76274,-0.50652,5.72362
42284,1.21376,0.28583,1.94061
42335,5.27579,-1.05606,4.44518
42385,7.78484,0.83633,5.50970
42436,4.79466,4.66187,0.28416
42485,2.47260,1.36856,2.18906
42535,0.87830,-0.19588,11.51950
42585,2.86386,-1.24370,7.80908
42635,-0.06061,1.71106,12.08713
42685,0.35991,0.78229,11.86969
42735,0.94746,0.20811,3.34991
42785,4.63460,0.56409,10.14043
42836,2.08162,-2.41426,7.59662
42886,-0.42378,-2.40665,10.09123
42935,1.30061,-0.16765,9.74483
42985,5.85925,-0.31593,3.62206
43036,6.34242,0.66777,5.82054
43085,4.11476,-0.13940,13.91927
43136,2.82556,0.05849,8.82446
43185,1.30008,-2.22374,11.27534
43244,2.33871,-2.67633,10.99782
43284,1.27957,-0.31915,8.04883
43335,3.60327,-0.03694,6.57866
43385,1.13638,-0.53731,8.34682
43436,4.38797,-1.66051,6.85835
43485,1.18935,-0.31134,8.46336
43534,1.64928,0.87953,10.85258
43585,0.39627,0.03903,13.40610
43637,6.79742,-0.10141,6.15132
43686,1.09904,-0.09970,11.14963
43736,1.09973,1.01491,8.43285
43786,2.59836,0.77682,9.33047
43835,0.96831,-1.13297,8.47528
43886,1.85025,0.68208,13.95830
43935,5.47597,-1.87503,7.30945
43985,-3.17798,-1.33038,11.86931
44036,3.08894,-0.54268,6.08298
44086,5.66743,0.09265,4.57681
44137,6.55035,0.89981,7.40634
44185,5.60036,1.57838,6.58687
44238,-1.05684,0.27846,8.67047
44285,0.74406,1.31897,5.30508
44335,-1.05832,-1.86148,12.75140
44386,3.74345,-1.01523,9.20045
44435,8.76442,-0.07513,5.89101
44485,5.84116,0.24263,9.18472
44535,3.76581,-1.63339,9.65993
44585,2.14471,-2.62343,13.67744
44635,0.57729,-1.34297,16.41104
44685,0.48012,-1.19635,12.19044
44736,0.52269,-1.32335,15.05418
44786,1.41414,0.09937,10.92307
44837,1.12357,0.74846,8.78558
44886,5.52095,-0.38853,3.20609
44936,7.78322,-0.52461,1.93498
44985,4.68620,-1.59309,6.31938
45035,1.22462,1.50432,-5.38298
45090,1.58684,0.78099,0.97162
45135,4.58325,0.47604,0.37025
45186,5.77251,-1.39273,2.46219
45244,-1.11394,2.62325,15.89795
45285,-6.59874,-4.05486,12.27513
45334,3.79089,-1.03381,14.13257
45385,3.21516,-0.87563,14.58090
45436,2.47409,0.18417,9.14261
45485,4.70149,-0.39458,5.86479
45535,8.11713,-0.48560,10.34041
45585,-0.51622,1.09129,3.70917
45636,2.99286,-0.04095,6.32663
45685,3.28592,-1.06104,10.11295
45735,-1.60608,2.52013,12.91576
45785,-1.68697,-1.01089,12.01678
45835,1.20671,0.19150,11.00090
45885,2.16971,-0.71877,8.44603
45936,1.71237,-0.30565,5.10669
45985,3.64969,-1.37544,7.56789
46036,0.48750,-1.09550,15.27917
46085,-0.89505,1.09256,14.45135
46135,0.34494,-0.66461,13.18805
46185,2.11179,0.41368,9.13976
46239,4.12613,0.34193,10.20328
46285,2.84772,1.80472,7.04260
46334,1.39041,1.25272,9.35213
46385,0.53148,0.45607,6.32848
46436,1.45345,0.73651,13.47754
46487,2.17096,0.62125,8.71298
46535,1.85863,0.47922,9.64456
46585,2.26410,-1.32469,5.25133
46635,1.54837,-0.51697,11.87814
46685,0.09340,-0.81020,15.35866
46736,0.18010,-1.43570,7.43423
46788,0.47032,-2.59180,12.67952
46835,1.06517,-1.66808,8.07086
46886,3.29735,-1.92589,6.39876
46936,3.06256,1.38609,7.95935
46985,2.37955,0.77347,9.75810
47035,4.19542,-0.72244,7.63368
47086,-0.25935,-2.48448,13.41595
47135,9.11774,-1.24683,5.86951
47185,2.47440,-3.70441,13.34387
47241,3.33875,-2.84598,10.42921
47285,0.00604,-3.93304,-7.98074
47335,7.35983,-0.63136,11.03404
47384,1.60634,-1.29088,17.79944
47435,-1.38008,-1.94600,23.78343
47485,-0.04327,-2.13089,15.10722
47535,3.55125,-2.05794,12.98036
47585,0.36975,-2.89859,13.63377
47635,-1.40688,-3.24043,13.63742
47686,0.39937,-2.30424,19.13074
47739,-1.24239,-0.04929,17.64659
47786,-1.44012,-2.25397,11.88268
47836,3.69864,-1.52835,5.22760
47885,0.78474,0.89771,6.97552
47936,3.51927,0.44920,3.72433
47986,1.86539,-0.30891,7.57990
48037,0.98273,0.26237,5.00665
48085,7.94984,0.51373,3.73624
48136,3.90689,-0.82643,8.62788
48186,6.55641,-0.21225,6.72057
48239,6.83099,-1.57462,-1.24092
48285,4.08603,0.37181,5.76894
48335,-0.63713,0.58244,12.53758
48385,3.01065,-0.24483,9.64992
48434,2.05785,-0.15274,10.51843
48485,3.13541,-0.94498,7.15059
48535,4.01057,-2.12735,8.37660
48586,2.84480,0.94812,7.98639
48635,0.49010,0.09705,16.21239
48685,-0.43907,-1.06665,11.28729
48735,1.34975,1.03772,16.20757
48785,1.24931,0.62018,13.50229
48836,3.52867,-0.16287,11.67561
48885,5.49077,-0.99146,7.91647
48935,2.00943,1.49265,14.60504
48986,2.68210,-1.69092,14.41107
49035,3.93903,-0.19482,15.72682
49086,2.82433,0.26309,6.92633
49134,-2.00116,0.26784,9.56990
49185,2.93129,-1.66739,5.63847
49244,1.89503,-0.84959,12.17284
49285,5.01648,0.40508,10.58939
49336,3.11586,1.62836,10.37480
49385,1.02614,-0.97403,14.98851
49436,0.68272,-0.81656,12.38379
49484,-0.01105,-0.28795,16.28793
49535,5.32253,0.66075,8.91373
49585,-1.65668,-0.95128,14.60905
49636,1.46289,-0.77037,10.75909
49687,3.16171,-1.17885,12.33119
49735,-1.35320,0.07718,12.52461
49785,1.20659,0.41425,12.19559
49835,3.39041,0.59427,12.95709
49886,3.42548,-0.67514,8.83406
49935,0.75658,-0.59930,11.49896
49986,2.92065,-0.30737,6.87827
50036,5.48528,3.11540,6.53151
50085,3.36613,0.87396,2.03671
50136,2.14496,-0.29103,9.85291
50185,-2.56410,3.50166,13.20819
50243,2.97208,0.64311,2.08681
50285,3.23643,-1.14494,9.08543
50335,0.63477,-1.53386,7.24843
50385,7.98624,0.16071,5.17888
50436,1.32028,-1.39078,19.32887
50485,-0.54996,-0.02802,12.99522
50535,4.25298,1.15038,6.76102
50585,-1.43103,-1.58952,13.13626
50635,0.68018,0.46716,16.27177
50686,2.24657,0.42062,8.21953
50736,4.46860,0.79176,8.54541
50785,3.29050,1.41789,8.76654
50835,4.66858,-0.21814,5.64403
50886,0.48528,0.35602,6.22627
50936,1.40556,1.30746,7.55342
50985,2.70486,-0.88693,8.03152
51035,2.06786,-0.87085,9.30795
51085,3.62393,-0.43224,7.92456
51135,2.75912,-0.90660,8.46335
51185,1.18277,-0.13766,7.18208
51241,3.39165,0.88463,5.84613
51284,-2.57344,-3.89258,12.42343
51334,0.36256,-0.43005,12.10748
51385,2.10448,-1.44385,8.81816
51435,3.98586,-3.01108,16.62709
51485,0.73038,-2.37695,12.29903
51534,2.39265,-0.64043,12.38683
51585,0.67087,0.06580,15.80043
51636,2.01700,-1.15086,11.04451
51685,0.21506,0.30031,13.16876
51735,1.01257,-1.91718,7.99039
51786,1.95518,-3.81305,4.04762
51835,1.02809,0.40309,7.77684
51887,2.20860,-2.81398,6.23125
51935,3.00441,0.76544,6.01103
51986,1.79956,1.65378,11.15222
52035,5.18767,-1.09727,6.66299
52086,4.22369,0.23941,4.52150
52135,6.90079,1.39911,-0.61414
52185,-1.15669,-0.68291,12.00681
52238,-4.64842,0.00896,21.93440
52285,-0.49303,-4.08659,8.82216
52335,0.82568,-3.64136,12.84573
52384,1.67958,-1.84000,13.22325
52436,-0.87764,-1.22072,13.37907
52485,2.53897,-0.87151,8.18492
52535,1.11423,0.96426,10.84949
52585,1.50075,0.43507,11.39381
52635,4.23979,-1.57336,3.37262
52685,0.54295,-1.07446,10.88715
52736,-3.04259,0.92528,10.80820
52786,3.82841,-0.64436,9.59175
52835,3.34953,0.47325,8.37813
52885,1.92963,0.45874,9.16237
52935,1.10316,-0.97479,11.65091
52985,4.60075,-1.05949,8.28923
53035,1.91728,-0.96014,8.35664
53086,0.69206,1.05194,6.26006
53136,-0.96628,0.90155,9.55635
53186,5.60602,-0.13042,6.30534
53241,0.02942,-1.12102,10.81642
53284,2.12668,0.30292,9.99107
53335,4.46155,-1.70537,9.33023
53385,6.57715,-0.52419,11.94136
53435,1.49817,1.57567,13.53723
53485,0.44598,1.71313,11.13556
53535,1.74683,0.53041,9.74397
53585,-1.01523,0.08583,13.76898
53635,5.08641,-1.42010,7.72601
53685,-1.76649,2.36798,10.58522
53735,4.75038,-0.84419,1.10483
53785,0.96808,-1.51129,12.19806
53836,1.44110,-4.08157,-0.76079
53889,14.10263,1.47319,32.38879
53937,3.40724,-0.20653,12.92513
53987,1.73611,-1.14410,9.28308
54036,1.51826,-0.12367,11.19888
54085,-0.52272,-1.45837,15.90735
54136,9.25714,-1.02397,7.98030
54186,14.08792,0.32512,23.78609
54239,9.77213,3.40770,7.32350
54285,-4.91092,-3.43512,8.25497
54336,-1.10112,-2.11238,10.99776
54385,3.00037,-1.92068,12.18704
54435,3.87535,-1.31458,6.82132
54484,5.60416,-0.70810,7.62604
54534,-2.43088,-0.49591,8.20740
54585,1.16100,0.66026,9.33716
54635,1.37263,-1.24782,6.87860
54685,4.03046,-1.77397,14.57858
54736,0.32921,3.28822,11.14960
54786,5.07474,-1.10095,7.65422
54836,1.40237,0.62384,10.77646
54888,1.80464,0.67564,11.71368
54935,2.72873,-3.59476,9.26833
54985,2.29448,-1.21637,7.53152
55035,1.92857,-0.43655,8.62476
55085,1.22113,-1.80577,7.51962
55136,3.66034,0.59930,7.68857
55186,9.48296,-1.11119,11.90521
55248,10.90669,1.54242,4.24620
55285,7.77180,-2.32024,13.30511
55335,7.16010,-4.90010,9.90056
55385,-2.34030,-0.09460,5.96007
55437,2.15860,2.52495,8.69456
55484,-0.03175,-1.47298,7.40726
55535,1.25044,1.32886,5.89642
55585,4.07962,0.28587,8.16026
55635,-1.59511,1.91171,14.23112
55686,1.20267,0.13443,9.64462
55736,-1.25290,-1.70949,12.42314
55785,-4.01448,-4.89168,22.31964
55835,6.16241,-0.98000,13.56926
55886,1.45221,-0.88281,8.70340
55936,3.15555,0.14505,11.91801
55986,1.37953,-0.20802,8.25905
56036,1.33144,1.09760,10.26645
56085,-0.24173,1.62245,13.56403
56136,3.52234,1.70499,8.33719
56188,0.41638,-1.58813,9.31084
56239,2.18134,0.04237,9.66373
56284,5.99043,2.09941,7.84946
56336,3.76332,0.05988,6.50807
56388,1.71997,0.59138,13.24237
56435,0.70148,-0.13860,9.40549
56485,2.64084,-0.41307,11.83755
56535,5.54097,0.45705,6.11142
56585,3.09897,-1.56628,5.78426
56636,8.97934,4.58255,4.46855
56685,0.49686,-1.76552,9.93465
56736,2.17712,0.40627,9.86095
56786,3.65268,1.02567,11.03058
56836,1.20999,-2.42015,8.21068
56886,2.74043,-0.53123,8.46669
56936,2.81721,-0.29268,9.48167
56986,6.97322,0.61928,-0.67712
57035,2.91661,0.19244,3.58130
57085,2.34105,1.97766,8.13441
57135,-0.42503,2.67900,13.57794
57185,3.53664,1.80133,9.48253
57239,3.47273,1.37440,5.77383
57284,4.36224,2.45572,4.43813
57335,11.04790,3.89809,11.38055
57385,4.64990,-0.07228,4.53033
57436,3.07396,-1.86668,8.32419
57485,8.98866,3.84366,19.02754
57536,1.02859,-0.77707,13.53812
57586,-2.11191,-2.40002,6.72939
57636,-1.47089,-1.66243,13.92982
57686,0.92445,-0.53891,9.21873
57736,2.42802,-2.64236,4.74074
57785,2.00665,-1.01547,11.34555
57836,-1.36458,-0.07069,13.66473
57885,-0.91757,1.89545,9.09317
57935,-0.34988,-0.13069,10.59221
57985,0.31493,1.64964,14.26912
58036,-5.45723,-2.64847,9.78084
58086,-4.70346,-1.21327,7.79350
58136,-0.51825,1.80290,10.44012
58188,-1.52730,-0.60112,11.84929
58249,3.12488,0.34180,6.06917
58285,2.34114,-0.35948,11.51874
58335,-0.82454,0.47998,11.51921
58385,1.24716,1.45454,11.13457
58436,0.23367,-1.04680,8.86151
58484,1.34674,0.13293,7.49673
58534,0.84903,-1.24567,12.13222
58584,1.34122,-0.65163,8.01083
58635,-0.09880,-0.24028,9.71271
58685,1.44826,1.75638,7.98595
58734,-2.39302,0.75737,11.60408
58785,-1.05675,0.25169,11.18727
58834,4.13742,1.70284,9.04675
58886,2.03571,1.52332,8.46758
58936,0.51698,0.18333,13.26779
58985,0.54747,0.77376,11.02806
59037,0.35004,1.08960,10.57622
59087,1.56467,-0.09593,9.24599
59135,1.12048,0.71727,8.84888
59187,1.81834,-0.41771,11.09196
59240,-1.25331,0.97043,14.14188
59285,-2.11485,-0.88351,11.21289
59335,4.87167,0.53998,4.46062
59384,5.21445,2.17497,11.05994
59435,0.46617,0.47658,11.26418
59485,6.66840,0.83815,3.85922
59535,2.67172,1.06700,7.79442
59584,6.04993,0.21574,6.75790
59634,3.50681,2.88264,9.19730
59685,-1.43817,0.25253,13.43636
59734,0.72993,1.58990,10.78099
59786,4.66357,-0.56647,7.00981
59835,3.74352,1.19447,6.74503
59885,1.65742,0.74084,13.49492
59935,-4.45569,-1.19653,11.00607
59988,2.76982,0.69601,10.10057
60036,0.58470,0.28410,14.20078
60085,1.22919,-0.44833,11.85471
60135,0.40231,0.11002,7.90092
60186,0.60750,0.57449,12.33482
60241,4.28915,-0.65111,3.60069
60285,3.37677,0.61845,5.22594
60335,0.73167,-0.15393,9.98236
60385,0.46152,-0.16872,11.23689
60436,1.61450,1.33447,9.53444
60485,2.27116,-0.98569,7.24875
60535,5.74454,-0.95822,7.80739
60584,0.73578,1.26810,12.45883
60635,-1.24290,0.20911,14.03091
60685,7.26044,1.92325,9.85713
60735,1.19551,0.98111,12.59108
60785,1.91524,1.37141,8.71353
60836,0.93919,-0.91165,7.17282
60885,1.99113,0.99712,7.41888
60935,0.48727,0.32806,12.05374
60986,3.52431,-0.08104,9.44727
61035,1.98839,-0.12280,7.94107
61085,0.83525,-1.24294,11.72958
61136,5.18227,-0.11577,5.84026
61186,-1.35657,-0.31487,12.03790
61240,4.38361,1.66580,6.30400
61285,2.79097,1.95801,4.16977
61335,1.61575,-1.71234,9.76836
61385,-0.20471,0.76791,10.36441
61436,2.23999,0.65005,10.71980
61485,4.94545,-0.51442,6.45891
61535,1.53685,-0.53389,7.33328
61585,-1.41016,-1.34708,10.10042
61635,1.04395,0.16200,10.18294
61686,-1.45465,-0.51459,20.20483
61736,-0.40344,-7.32698,41.68356
61786,1.34688,-3.72432,7.63866
61835,-1.39816,-0.46280,7.82840
61886,1.92610,1.07042,7.47673
61935,1.25351,0.74457,11.44308
61984,1.55904,1.11502,5.81738
62035,-0.62378,1.20416,10.93401
62086,0.03079,-0.17812,9.42026
62135,2.36946,0.64098,9.41699
62187,2.13417,0.10188,11.66747
62235,-1.59305,-1.68916,10.59924
62292,2.73357,-0.54803,6.32697
62335,0.05127,-2.78081,9.55017
62385,0.13809,-1.25868,10.31369
62436,2.23192,2.27226,8.71045
62485,3.76280,2.49617,8.16652
62535,2.64183,2.03334,8.29243
62586,-3.77530,0.58942,13.31693
62635,-0.18300,-0.02713,13.08806
62686,1.28186,-0.21686,3.25975
62736,1.63051,0.21375,9.57338
62786,3.47484,-0.56511,10.60445
62835,1.99287,-1.09486,11.72618
62885,1.82158,0.47838,11.07515
62936,1.76782,-0.05418,12.24133
62988,4.02798,-0.66609,8.72897
63035,-0.00726,-0.65715,8.15259
63085,-1.36568,-0.75813,11.45749
63136,4.72174,-0.12405,8.20335
63186,-0.24654,-0.19081,6.72273
63235,0.37140,1.24008,12.78934
63291,3.92131,0.21375,8.08881
63335,2.48579,0.52559,5.62610
63385,-4.00275,-1.62048,9.22804
63436,1.08257,0.37935,12.60744
63485,3.30119,-0.79645,8.71304
63535,1.85425,-0.59377,10.72198
63585,0.81488,0.19646,8.34746
63635,2.59259,-0.66893,10.06035
63685,-1.46178,-0.17365,12.21577
63735,-1.27242,-0.57623,12.11438
63785,3.89432,0.90724,4.97307
63837,-0.89810,-1.08963,9.24910
63886,2.08879,-1.63057,8.63121
63936,2.52240,0.37648,8.73491
63986,5.43755,0.13132,7.65822
64035,0.97792,-0.07628,12.52635
64085,2.98566,-0.26173,5.57225
64135,0.38858,1.11684,10.35420
64185,3.92836,0.32030,6.75571
64235,-0.82314,-1.38303,6.18152
64294,1.50238,0.81097,8.84647
64335,2.21274,-0.66461,8.95129
64385,0.57372,0.03667,9.36465
64435,1.12062,-0.10159,9.55797
64485,3.03770,2.30582,9.20003
64535,0.43892,1.05223,10.91896
64586,1.69902,-0.80937,9.51869
64636,1.84138,2.92836,4.30640
64686,2.79401,4.19534,10.51637
64735,5.85582,-1.21950,9.53915
64786,0.75687,0.76253,9.61385
64836,2.08258,1.16542,13.42776
64885,0.35527,-1.38776,10.29268
64936,2.79747,-1.24529,11.53036
64985,-0.39462,-0.59651,9.13837
65035,3.77956,-0.40611,8.21519
65086,2.53883,-1.31915,7.33192
65135,0.60271,0.02881,9.01775
65188,1.82556,-1.14288,10.39934
65235,1.42795,-2.05797,6.97299
65292,1.13191,0.36432,10.80196
65335,8.05887,-0.56926,-5.44553
65384,-3.00047,1.99321,12.89427
65435,1.25598,0.88937,14.14601
65485,3.82487,1.24100,10.81564
65534,-1.75787,-1.26137,11.30296
65587,-0.41545,-0.55621,10.07324
65635,5.33061,1.35208,4.49442
65685,2.38100,1.07378,10.71002
65736,-0.01904,0.39494,10.46907
65786,1.58322,-0.12915,7.06140
65836,-1.32660,0.13606,9.62344
65886,3.32654,-0.30846,8.42239
65935,2.37694,0.04768,8.28929
65986,2.16971,-0.39334,8.40535
66036,-0.75130,-0.43544,11.94078
66085,-1.57092,0.16888,12.27666
66135,5.92088,-0.42575,6.39684
66185,1.46548,-0.58554,12.41417
66236,4.58690,-0.25465,5.21194
66287,-1.44788,-1.75607,5.99309
66341,-1.41008,-1.52757,16.46194
66384,-0.92567,-6.53548,45.91232
66435,4.06676,2.84691,2.56998
66485,-8.58713,2.33684,11.16495
66536,11.31165,1.86821,3.56972
66585,0.70035,2.01637,6.42018
66636,-2.11328,0.44435,10.06155
66685,1.70206,-0.63838,11.42152
66735,0.02364,-1.40775,6.56360
66785,3.51677,3.10364,9.07477
66835,-1.73962,-1.58405,16.63594
66885,1.78264,-0.40948,8.13736
66935,1.55370,-0.07797,11.51268
66988,2.62891,0.19629,10.17497
67035,4.30774,1.93274,6.94296
67086,1.67628,1.17613,11.35715
67134,1.73416,0.44168,12.21805
67185,-1.37939,0.96457,13.77170
67236,7.11984,-5.71980,8.86647
67285,0.34615,-2.38368,13.00832
67339,2.73769,-0.03984,10.03726
67385,1.33160,-0.13466,13.06874
67435,2.33832,0.06599,11.09723
67485,1.05896,-1.24228,6.92645
67534,-1.58215,-0.91478,14.02153
67584,1.77698,-0.28967,9.10092
67635,0.81177,1.04594,9.31464
67685,0.01410,1.68289,10.54881
67735,3.97740,-2.24236,8.72612
67785,1.36668,0.53833,8.58153
67836,4.38315,1.16483,2.06525
67885,3.68459,2.41690,7.04651
67935,0.40324,0.07526,9.37299
67985,4.28551,2.03349,1.56052
68037,1.46440,3.00905,13.40326
68087,-1.44070,-4.71814,11.36365
68136,0.79370,-2.00168,6.30389
68184,4.65073,0.79500,6.98637
68234,4.54002,3.23109,13.09628
68284,0.42021,1.10619,9.05328
68337,1.05925,1.71620,14.14793
68385,4.12033,-0.90659,9.62215
68435,2.94278,0.51366,6.67534
68484,3.58820,-3.44383,8.65639
68535,0.02246,-0.55612,9.18956
68585,-0.02034,0.76624,8.78598
68635,0.59187,0.50491,8.32289
68684,0.43271,-1.26895,10.95877
68734,1.77348,0.48076,11.05981
68785,3.12968,0.96355,8.35411
68835,-0.63702,-1.31395,11.29236
68885,2.39655,-1.27972,8.68086
68935,1.83232,0.03259,12.54494
68984,1.82031,0.90414,8.79735
69034,0.81761,0.30861,12.25041
69084,2.41827,-0.38602,8.25235
69134,3.05928,-0.55052,5.78992
69184,0.30510,-0.28455,11.45021
69235,1.84230,0.70300,10.40503
69285,1.04204,1.48631,9.46428
69342,1.95673,-1.04947,8.41212
69385,-0.47823,0.99425,7.73846
69435,1.23099,-0.14458,10.21393
69485,1.99582,0.13194,8.53326
69535,0.47606,-0.13466,10.38242
69585,0.80954,-0.27954,10.15465
69637,1.24904,2.77568,8.31516
69685,1.45905,0.98653,7.04384
69735,2.92395,2.01910,8.01343
69785,-3.78410,0.34647,10.22516
69837,-2.62918,-3.37767,8.63159
69885,6.32014,-0.91739,6.49817
69936,1.75089,0.63588,13.90987
69985,2.25011,-0.00909,9.18871
70036,2.40581,0.15192,6.80125
70086,3.62271,0.45705,10.34439
70135,0.48193,-0.76129,4.94522
70185,-2.35696,-0.59198,6.31320
70237,1.03299,0.89052,7.86153
70285,0.38956,0.41827,7.34489
70335,2.91695,1.78612,6.08385
70393,1.06291,0.81007,4.78531
70435,-0.11528,-0.09114,13.61191
70485,2.79420,0.25119,11.24350
70535,0.68785,-0.80875,12.44205
70585,1.07793,0.44408,8.80249
70635,2.10303,-0.18457,11.31573
70687,2.30785,-0.40149,11.64981
70736,1.18925,0.23175,8.29810
70785,2.16058,0.89099,9.36902
70835,2.29932,0.02855,6.73103
70885,1.79880,0.21033,8.03304
70935,0.07954,0.47414,10.38861
70985,0.53876,0.13402,9.80435
71035,1.01456,-1.85481,9.50407
71086,0.85652,-1.28835,11.74156
71136,-0.21603,-0.33122,10.48676
71186,0.25563,-1.45001,7.55139
71235,0.18719,2.55330,12.28976
71286,-0.06880,1.10350,12.90785
71335,7.20239,-0.34808,-3.03627
71390,-2.51181,0.62973,13.95917
71435,8.79498,3.32744,8.22540
71485,4.06842,2.84715,3.75978
71535,1.60329,0.71417,10.66150
71586,-2.53139,-1.47328,17.57050
71636,1.17520,1.05779,8.52692
71685,-2.47371,0.16463,11.11853
71736,0.61736,0.96298,8.32764
71786,4.06976,-0.79053,7.59262
71835,4.81769,-0.29568,9.30626
71885,-5.85378,0.57098,12.41533
71935,7.35126,-0.92471,7.37764
71986,-1.22791,-1.95384,9.70732
72036,2.68895,1.23837,4.85432
72085,-1.63980,0.06381,11.59024
72136,3.46094,-1.88531,4.50757
72185,3.16351,-0.19986,11.97502
72235,2.05013,-1.66829,4.09561
72285,-2.67085,-2.16090,13.05376
72336,2.28339,0.68889,7.03462
72393,1.98488,-2.90787,19.95424
72435,3.40080,2.46175,6.59700
72485,1.20975,1.94833,8.86749
72535,-0.84207,0.33231,9.05652
72584,2.08473,1.94165,9.19225
72635,0.24251,0.44193,9.44933
72685,-0.26508,0.88759,8.55864
72735,-1.13484,0.03571,9.07330
72784,2.45125,1.39091,10.42426
72836,1.08005,-0.97073,9.02208
72886,-0.72252,0.11246,8.37021
72935,0.71486,-0.90147,10.47124
72985,1.21678,0.39729,8.34921
73036,3.18456,-1.44209,8.64366
73086,1.03157,-1.47054,11.20714
73135,2.81554,0.02859,10.17883
73185,1.26526,0.38940,8.82173
73236,1.67766,-0.59119,8.28938
73286,-0.47169,0.56776,9.50880
73335,0.57268,-0.28706,8.26883
73401,0.70828,0.67204,11.60196
73435,-0.36034,1.12047,10.70677
73485,0.77354,-0.68156,8.63777
73535,3.94035,-0.54080,7.25223
73586,-1.26743,-1.68977,10.61252
73635,4.20204,-0.19722,8.66228
73685,1.69737,-1.29837,8.54260
73734,-0.19876,-0.74875,9.56696
73786,-1.07234,-2.05812,10.14194
73834,0.43867,-0.07962,7.43024
73886,2.21114,-0.34148,7.83276
73936,-0.56236,-0.95993,11.39932
73986,2.77695,-0.96898,7.98358
74034,0.90964,-0.34012,9.91122
74088,-3.73798,-0.90450,17.82094
74134,10.37350,-0.44955,6.36447
74185,-0.12012,-0.29500,11.80655
74235,-0.72798,-0.31653,11.28421
74284,-6.24611,-3.07036,18.92320
74336,-6.09970,-1.38890,14.05235
74385,-6.74715,-4.50421,27.60657
74440,1.39325,-1.42674,7.43866
74485,1.87836,-0.79521,10.41638
74535,5.15756,1.24083,5.66382
74585,9.51335,1.34395,6.70242
74636,3.46568,-0.20174,9.32059
74689,4.89569,-0.95656,9.56776
74734,0.10983,-0.37291,-0.29488
74784,-7.52547,-2.19203,21.02487
74835,-0.16273,-1.25571,4.04730
74885,2.62662,-1.04729,8.04761
74935,-0.61238,2.12320,16.22105
74985,1.25677,0.37404,7.88164
75035,1.61298,-1.13461,9.22762
75085,2.21074,1.24384,7.96793
75135,5.78859,-0.42204,6.70815
75185,4.15096,-0.24539,7.53198
75235,1.38078,1.11305,10.11017
75286,0.28192,-1.66983,10.14658
75335,2.82661,-0.01234,11.06157
75385,-0.42287,-0.84871,12.31456
75447,1.33232,-0.24159,10.08647
75487,3.91533,-0.68034,4.93909
75534,2.17062,1.55048,10.31602
75585,1.23424,-3.14949,7.00459
75635,3.54256,-1.15498,8.92134
75686,1.63608,0.11211,7.89342
75735,-2.63391,-0.90186,14.64888
75785,1.91762,-1.65009,10.19479
75835,-1.74786,-1.88895,9.39537
75885,5.10048,-2.05231,11.90834
75936,0.39218,1.48700,12.29793
75985,6.17065,-0.59976,6.79311
76035,3.36133,-0.22823,6.23029
76085,-2.12239,0.03934,14.37988
76135,0.00986,-0.65137,11.60481
76185,1.64980,-0.32271,9.73991
76236,-1.16879,-0.82414,15.55269
76286,3.64703,-0.14113,7.66324
76335,1.02809,-1.00612,5.78865
76386,0.46371,0.60770,9.32312
76435,3.14691,0.04343,9.00703
76490,2.81181,-0.93558,4.85150
76534,-2.50702,0.49840,10.59148
76585,0.61887,0.71570,10.37642
76636,-0.06795,-0.88625,10.92911
76685,-1.12056,1.20668,8.62991
76736,2.09871,-0.03094,1.60658
76785,4.21080,2.66644,9.86803
76835,-0.48698,-0.54332,8.26289
76885,1.87129,1.20892,7.37766
76936,-2.12207,0.56227,9.52838
76986,-5.34326,-1.47562,12.24544
77036,2.79141,2.43338,12.05779
77085,2.08617,-0.32280,12.97459
77135,-0.58907,-1.68442,11.01393
77186,-3.60953,-0.46928,19.65498
77235,-5.39165,-4.32637,36.90358
77286,5.89470,0.44029,1.87222
77336,5.65724,3.36578,12.79739
77385,1.96022,0.23195,7.08702
77435,3.45894,-0.28062,7.34077
77486,1.05722,-0.22244,10.77733
77542,-1.50670,-0.59491,-2.72215
77585,7.13774,3.21080,2.09819
77635,-2.76888,-0.36206,17.48898
77687,-1.57671,-1.20343,15.05812
77735,-7.83755,-0.71213,19.00096
77785,10.70039,-6.37628,27.03410
77835,4.50421,-2.69377,8.10591
77884,-5.04605,-0.91646,12.20641
77934,-0.55630,-2.91872,15.05217
77985,-0.10326,-0.00562,9.37234
78036,0.16325,1.98466,18.49403
78084,0.08838,0.37436,13.76596
78136,0.61464,-0.50752,9.30820
78185,3.26376,0.23277,10.23013
78235,0.44679,-0.50868,14.50375
78285,4.94054,-0.21159,3.22304
78335,3.12773,-0.30191,6.15762
78385,1.84511,0.31313,11.93195
78434,-1.45721,-2.57307,3.94241
78484,-0.71172,1.31433,14.52068
78538,-0.61098,-1.01993,10.30055
78585,6.46123,0.93277,4.07707
78635,-0.48232,-2.40906,5.68216
78684,5.00877,0.69456,10.60710
78735,3.36749,-0.57613,7.38390
78785,-4.57845,1.70198,17.11870
78835,6.20647,1.21378,2.70193
78886,5.01430,0.32251,5.35367
78935,-0.05641,-0.79555,8.94594
78984,8.11247,2.14233,4.56949
79034,4.14485,0.85910,-1.08846
79085,7.49802,0.18518,5.02177
79135,2.23328,2.07010,12.64131
79185,0.45892,1.81151,10.91171
79237,6.40390,1.90657,5.37811
79285,4.38654,-2.45863,9.28418
79336,-1.27498,-1.17101,11.90260
79385,-1.27888,-1.98036,9.68747
79437,5.87064,-0.16527,7.07722
79485,2.43121,1.89413,10.15938
79539,4.95308,-2.17877,5.48381
79585,-0.79460,0.14890,14.40210
79635,0.30899,-2.02391,10.97794
79685,14.03656,1.30272,0.85011
79736,3.17938,-0.46585,3.84056
79786,3.23598,-1.23422,2.67122
79835,8.11972,2.53464,12.08191
79885,-2.04916,-1.32497,9.41229
79936,0.19365,-0.20839,9.96815
79985,-0.16138,1.22897,15.35812
80036,3.62471,1.41412,11.49106
80089,5.71004,-0.89610,4.32312
80135,-1.90231,1.03108,13.90681
80185,6.41628,1.69107,6.75455
80235,3.92821,4.56653,14.47070
80286,4.12967,0.08476,2.90295
80335,3.22440,1.87199,4.12500
80386,-4.08710,1.34534,3.03247
80435,5.90761,1.18202,9.01883
80485,8.06575,2.27795,7.79767
80535,-2.11176,2.72757,11.27213
80595,9.65376,1.80461,6.83113
80634,3.13988,4.01212,13.05960
80685,-1.89940,2.04282,12.28552
80735,1.40234,-1.54486,9.14313
80790,-7.60240,-1.88766,27.64911
80835,2.63431,0.36182,11.03691
80884,-0.01805,0.56114,17.51007
80935,-3.53035,-7.51265,18.00397
80986,-3.47803,-1.02173,12.07787
81035,7.21634,3.65314,7.63747
81085,-3.52843,-1.59550,10.30702
81134,1.65813,-1.09528,15.81998
81185,-0.39816,0.48352,-7.89941
81235,-8.25754,0.56740,5.93011
81286,-7.44322,-0.18724,12.65468
81335,7.79390,0.54401,11.19733
81385,-6.77748,2.07443,16.36160
81435,-2.61482,-1.39372,9.78458
81485,-7.52219,1.14726,10.32660
81536,0.57799,1.12108,12.43799
81585,4.23991,-1.62198,6.76503
81645,-0.17052,0.62706,14.51575
81686,-1.37823,-0.11946,14.47954
81735,3.19635,-0.85556,4.17633
81786,1.78960,-0.38931,15.97585
81835,-7.36174,0.44766,19.85812
81886,4.67032,-0.20264,-0.75879
81936,3.77470,0.21228,10.74496
81986,2.88930,1.93842,6.93149
82035,6.79857,0.81082,5.07529
82085,2.50462,-0.88666,10.39157
82135,2.32408,0.76466,5.45914
82185,1.31561,0.03587,9.91077
82236,-0.89661,0.97781,12.27040
82285,1.62206,-0.23421,8.98247
82335,7.53725,1.01932,0.36913
82385,1.62132,-0.52174,9.68706
82434,5.31480,-0.08485,13.20773
82484,2.41867,0.60469,7.79181
82535,2.76643,-1.15508,4.88548
82586,-0.64314,0.72493,14.49164
82638,7.98807,0.03076,1.07358
82687,0.26878,-0.95853,10.07803
82734,1.86343,-0.86066,0.57391
82785,-0.02692,-0.10141,12.33199
82836,7.06540,1.03307,0.33028
82887,15.18106,3.96698,1.26404
82935,1.70023,3.72650,7.84808
82986,0.41772,1.74272,7.24831
83037,1.03764,0.31566,12.49207
83086,-0.88016,1.21609,8.03584
83135,2.79915,1.29953,12.41124
83186,1.21938,-0.92213,12.91591
83236,-2.27504,-2.46454,8.16899
83285,7.67859,0.70984,9.27596
83336,0.35870,-1.74518,13.76501
83385,7.99831,-0.13155,8.46768
83436,6.57144,1.05122,10.31387
83485,3.98825,1.70038,12.41333
83536,-1.01660,-0.63853,10.11871
83585,9.38239,-0.02161,2.84186
83641,5.21114,-0.94135,6.71066
83685,5.18297,0.11188,5.32758
83734,-4.22652,-0.44212,14.00380
83785,7.70238,0.18935,8.30826
83835,2.87866,-0.42064,8.21024
83885,0.83144,0.27663,10.98186
83936,1.79420,0.28877,8.43437
83985,4.70496,-1.41125,6.09322
84036,1.85104,1.06781,8.78065
84084,2.74445,1.63884,10.20731
84138,1.79024,0.24007,10.49716
84185,1.49631,-0.87651,11.68690
84235,1.48695,-2.08348,10.52460
84284,4.85217,0.45059,6.77078
84336,1.54710,0.07306,12.24489
84386,6.75334,0.74272,6.09898
84435,-1.55745,-2.74091,3.13206
84486,3.79990,1.10725,6.28979
84535,6.30197,0.08125,9.30449
84585,2.26161,0.03113,7.81041
84648,3.53081,-0.75436,7.67163
84684,2.42845,0.34822,6.67853
84734,-0.86398,-0.81839,15.94295
84785,0.80263,1.22601,5.80557
84837,6.83289,0.47252,14.82802
84884,2.00528,-0.43855,9.94766
84935,2.71727,1.06763,4.04204
84988,0.33696,0.80939,10.62100
85036,2.61139,-0.33374,6.06284
85085,-0.61757,0.35583,11.57791
85135,3.38345,1.92426,8.42500
85185,0.42442,-0.91045,10.28932
85235,0.88051,1.26294,11.94841
85285,-0.20525,-1.74768,6.80110
85335,5.56293,-0.30603,6.21344
85385,1.91127,-1.45335,7.22330
85436,-1.18744,-1.78015,10.70934
85485,5.52899,0.48940,8.60513
85536,1.22522,0.06328,13.57692
85586,0.02203,0.25018,9.99144
85641,2.91440,0.24736,8.65019
85685,3.35983,0.82565,6.43314
85735,-0.32281,0.21486,11.25615
85785,-2.53897,0.05757,10.86208
85835,0.82538,0.49182,10.71288
85885,-0.56601,1.07423,9.61905
85935,-1.52763,2.15791,15.93015
85986,1.81187,-1.13507,8.59306
86038,1.78049,-0.49359,7.74854
86085,2.35880,-0.89975,7.65581
86135,3.84821,-0.29622,8.10909
86185,7.15103,0.71234,3.92966
86235,1.86659,-2.47633,8.11859
86288,2.01910,1.19957,9.25735
86335,3.37903,-0.61226,9.01111
86385,0.22755,0.21129,9.85771
86435,1.03618,0.34648,12.83859
86486,0.08194,1.16626,12.56465
86537,1.86061,-1.28809,9.59218
86585,0.55293,-2.35382,5.19142
86642,3.79411,-1.09418,8.94531
86684,3.68106,-0.24986,6.96375
86735,2.95676,-0.30037,8.95689
86785,3.08856,-0.61034,4.21677
86835,7.05957,0.90390,3.20428
86885,-2.47789,-0.80247,17.98714
86935,0.45892,2.43222,12.79361
86985,4.01842,-2.40285,1.07304
87036,-1.18932,-1.46175,9.19006
87085,0.39346,-0.71553,11.64732
87135,3.18083,0.53909,11.05507
87185,4.92079,1.50876,8.44310
87234,1.67325,-0.55186,8.70796
87284,1.05142,-1.11725,14.18370
87334,2.28792,0.08913,11.41084
87385,0.54086,-1.17773,11.32283
87435,-2.57980,0.17169,14.05751
87484,3.23921,0.71884,7.28139
87535,8.19550,1.65596,9.44550
87585,9.02988,3.13026,7.43712
87636,3.41835,1.39104,10.64803
87697,1.45995,0.65021,11.03665
87734,4.36903,0.03284,9.38257
87785,-5.78575,0.64555,15.42244
87835,-1.82317,1.04446,11.85236
87885,4.97644,1.28697,10.86183
87935,-0.72214,-1.93719,11.56548
87984,4.22752,1.06628,6.86917
88035,-2.75322,0.64227,33.15889
88085,-9.02582,-3.13467,16.73581
88135,8.19176,-0.20343,8.62770
88187,1.57582,2.11583,13.88847
88235,-1.10774,1.81360,10.47058
88285,2.71014,-0.11510,5.12271
88335,2.98334,-0.55428,6.64110
88386,0.12816,-2.26234,7.20361
88435,0.15450,-0.09601,14.19203
88485,1.80765,1.01883,11.04884
88535,4.58601,0.35901,7.17976
88585,-0.40552,0.82874,11.24265
88636,3.05699,2.24139,9.34200
88699,2.83072,-0.96515,7.44937
88735,-1.53200,1.59419,18.14038
88785,3.29230,1.15175,10.29730
88835,0.84631,0.67247,13.04477
88885,2.75183,0.22557,8.60480
88935,2.61015,-0.74571,6.56061
88986,2.52277,-1.62794,6.45335
89035,0.91258,-0.22173,9.32513
89086,2.35669,-0.31329,10.46490
89135,2.00964,-0.85153,5.97607
89185,0.49406,0.68785,13.48621
89236,-1.68288,-2.57368,9.09607
89289,2.34650,0.71613,11.62395
89335,1.23123,-1.20554,17.69960
89386,-0.23734,-1.05386,9.71736
89435,6.25726,0.47475,8.49933
89485,2.44421,-0.47083,8.84927
89536,1.61906,2.52342,8.55055
89585,2.26556,0.62619,8.55696
89634,-0.20888,-1.42825,9.71129
89686,4.95534,0.46368,6.39333
89741,3.88078,2.82622,6.87155
89785,2.38693,-0.90831,7.43051
89835,1.43373,-0.61592,13.91444
89885,-2.85580,-0.68652,13.49815
89935,2.37390,-0.81554,9.89424
89985,1.66881,0.25494,10.45689
90035,1.67180,-0.09607,7.40251
90085,11.49699,2.62953,1.80597
90135,3.95523,0.35301,13.80098
90186,4.39619,-0.71710,2.50514
90236,2.30679,0.23418,13.64056
90287,0.10762,0.42088,7.42142
90336,1.32437,-1.60828,6.15506
90385,9.24342,-2.08015,10.67026
90435,0.20811,-0.63281,8.22827
90485,5.17874,-0.22498,6.12340
90535,-1.73579,0.08990,10.57585
90584,1.83711,0.04430,10.85033
90634,-2.47604,-1.50009,16.29662
90684,1.11832,-0.90912,8.06523
90739,3.63629,-1.38792,5.36871
90785,2.14047,-0.30327,9.16307
90835,3.51894,0.17291,9.03558
90885,1.85721,0.06657,8.91766
90937,3.51112,1.07645,7.88910
90985,1.45544,-1.63681,9.43129
91035,2.98422,-1.50832,3.79918
91086,3.87787,1.05299,4.03448
91135,0.34325,-0.40207,10.85199
91185,3.46021,-1.05128,8.63181
91235,1.62347,-0.74167,8.50645
91285,-1.06171,-0.68358,10.09711
91335,3.14890,-0.29097,7.15443
91386,3.24632,-1.78146,9.36238
91434,2.34207,-0.61339,11.65134
91485,2.79552,-1.45775,11.26845
91536,2.62914,0.83649,13.36174
91585,-0.99217,1.30669,13.13873
91636,-0.98125,-0.60873,9.40218
91686,4.69417,0.61476,4.63383
91744,1.17061,0.08092,13.65947
91784,-0.49174,-0.95767,14.70003
91834,-0.73007,-1.71558,7.35355
91885,2.96039,1.34799,8.62968
91936,0.15533,0.97816,9.12801
91985,6.67097,1.45999,7.24641
92035,-0.53697,-0.30153,14.57831
92085,0.55896,1.63260,9.94376
92135,3.41086,0.41992,7.46121
92185,3.29080,-0.97530,9.63596
92236,1.49522,-1.65326,8.96443
92286,3.73344,1.30606,9.66406
92336,1.81841,-0.23648,7.30409
92385,0.58440,-1.90742,6.62781
92435,1.91560,-1.27719,6.29079
92484,0.48012,0.57486,5.67909
92534,2.34938,2.65985,12.18877
92585,-0.75308,1.10297,13.54196
92635,-0.15056,0.10014,11.46515
92686,3.10931,-0.02354,6.56766
92741,0.90250,0.01653,12.78944
92785,3.01903,-0.26183,10.80112
92834,3.50241,-0.17322,8.22948
92885,-0.09152,-0.84885,12.76396
92935,1.76050,0.30255,6.97357
92985,3.68512,0.21855,8.24379
93035,3.12711,-0.77881,5.08936
93084,-1.97426,-0.23167,14.65640
93135,2.03896,-1.66634,9.32346
93185,1.36809,0.30510,11.31520
93236,1.39902,0.56096,8.28937
93285,1.75970,-2.69443,13.11189
93335,6.11742,1.12546,7.10646
93385,3.78113,0.91307,6.90846
93436,2.65399,0.15945,6.41208
93485,0.91518,0.68785,11.75311
93535,9.55190,0.65843,6.55527
93586,2.08421,0.38669,9.13414
93635,2.25002,-0.74677,7.35013
93685,5.17850,-0.68925,3.46881
93745,7.73196,-0.32143,2.39307
93785,-6.95802,-0.32295,16.66119
93835,3.50023,2.97539,17.00241
93885,-0.77242,5.93588,0.03831
93936,-5.12608,0.59804,15.69368
93985,-6.66724,0.55151,7.88106
94036,-7.66896,0.23630,12.19531
94085,1.18446,2.14638,11.53944
94137,2.39545,1.94617,10.46181
94185,2.09917,0.77141,6.97211
94236,5.84604,1.41414,6.85930
94285,-3.19003,-0.05386,15.82310
94336,-2.14615,-1.90416,11.64163
94386,2.32202,-0.57698,8.92104
94437,0.10228,-0.06537,13.79568
94485,-0.75858,-0.81258,12.79619
94535,0.29839,-1.87329,9.63829
94586,4.21808,-0.53438,6.04198
94636,0.19331,-0.06764,9.92525
94686,0.63387,-2.30219,4.37343
94739,2.72530,-0.38647,7.86148
94785,1.92987,0.56053,13.41887
94835,1.77379,0.65897,7.59619
94886,0.38832,0.59944,11.96407
94936,0.20596,-2.10440,8.14900
94986,-1.34427,-0.46155,12.20181
95035,-1.79250,-0.09491,17.66386
95086,3.92235,-1.94516,1.04184
95135,2.61714,0.88521,11.43259
95185,1.82886,-0.47083,7.00174
95235,3.67273,-0.88457,8.78983
95285,5.37369,0.53442,8.13358
95335,0.38907,-0.68564,10.28857
95386,4.61752,1.23094,9.51155
95435,1.40875,-0.61285,5.94472
95486,1.83957,-0.48631,8.96040
95535,4.22952,2.23920,9.72285
95585,-0.50058,2.87450,12.03073
95635,-5.37863,2.40846,14.02016
95685,-7.66808,2.71024,8.87413
95742,0.42720,-2.05106,9.78525
95785,-1.21933,-0.86353,7.73070
95835,0.16638,-1.56422,12.12778
95885,1.57269,1.22801,7.06499
95935,8.85660,1.89896,4.67259
95986,7.94429,-0.40752,4.56168
96035,0.56731,2.01160,12.96078
96085,1.87854,2.35310,10.96782
96134,3.78938,0.63507,6.87679
96184,2.36185,-0.06564,6.33786
96234,0.89726,0.27896,12.90500
96284,1.98320,-0.41766,8.41144
96335,2.17346,0.67856,11.22725
96384,0.24905,-1.61000,9.58954
96435,0.46677,0.59634,8.44955
96484,4.01718,-0.19482,7.46941
96534,0.98642,0.64282,11.83165
96584,1.34413,0.80542,10.70975
96634,1.35136,-0.55365,8.38861
96685,3.49977,0.61322,10.01332
96739,1.10422,0.96461,10.24579
96785,2.14835,-1.29964,9.73750
96835,4.54036,-1.68167,10.42004
96885,5.93045,-1.07806,5.21332
96936,-3.89015,0.43329,11.73938
96985,2.55318,0.61002,9.81796
97034,4.56450,1.25661,8.12022
97085,-0.12915,0.18211,11.16570
97135,2.01988,-1.01468,8.70068
97185,0.65749,-0.42033,11.57677
97235,-0.92178,2.31937,12.20844
97286,-2.24469,0.08757,14.17584
97335,1.13257,0.73573,5.02618
97385,2.00629,-0.61426,10.17268
97434,-0.25511,-0.34277,12.28040
97487,2.54027,0.95773,6.31766
97535,-1.20126,-0.45190,13.84891
97585,-1.26903,-0.06262,10.06046
97635,4.71245,0.64807,10.15865
97685,3.34770,-0.30331,6.88673
97735,0.76926,1.55695,9.29189
97794,3.42136,0.13016,8.92694
97836,0.49060,0.10080,13.21391
97885,4.74449,-0.20052,3.64381
97936,2.34685,-0.77901,6.42285
97986,3.31416,1.47060,12.58337
98035,1.42664,0.78111,14.23840
98086,2.60916,0.45430,5.31990
98135,0.41669,-0.40588,9.13135
98185,0.70775,-1.25356,13.32298
98236,-0.50279,-1.18216,11.79475
98286,0.62247,-0.44115,10.60077
98335,4.12250,2.54732,8.50339
98386,-3.01186,0.07253,11.65358
98436,1.97131,3.00525,9.26773
98485,2.62450,0.57463,7.16519
98535,2.47340,0.58868,8.38252
98585,1.47983,0.61046,4.94702
98636,0.53673,-0.15897,9.39655
98685,1.87823,0.57750,11.87807
98735,4.05908,-0.49652,6.64740
98786,3.16856,1.25229,6.98383
98835,2.75685,-1.37132,7.17403
98885,-0.11440,-0.92696,7.98535
98936,3.54272,-0.49367,4.14140
98984,1.39926,-0.99335,10.11235
99036,0.61411,-1.93964,10.39333
99085,1.00778,-0.71390,4.43326
99135,4.43932,-0.13335,13.35829
99185,4.11407,1.66603,6.46742
99236,-2.41080,-1.05621,13.68848
99285,-3.39650,-1.43985,13.48943
99335,-11.76196,-1.59741,14.46101
99386,1.21727,0.11397,15.69069
99435,-3.01054,-0.43752,10.89340
99484,5.04927,0.01595,5.01227
99536,3.50420,-0.15150,12.56181
99585,-5.17986,-0.82002,6.92729
99635,0.73270,-0.15651,7.24628
99685,2.68427,0.96750,11.14949
99736,1.75659,0.33942,6.32771
99794,-1.01689,0.32994,9.66203
99835,-1.83716,0.29323,9.17628
99885,5.26826,1.20653,9.65468
99935,-0.11575,-0.06059,16.41367
99985,2.03873,0.28629,11.08884
100035,8.94711,1.62807,6.44186
100086,9.96327,0.70935,3.63835
100136,3.52353,1.59698,9.49126
100185,5.09538,1.50134,9.11470
100235,5.69429,-0.70425,6.97119
100285,2.94832,-0.73663,11.47523
100336,-5.04066,0.77260,20.50465
100386,-3.51430,-2.68730,8.67928
100436,2.53777,0.47580,6.18222
100485,7.10423,0.49925,12.96738
100535,-0.20073,-1.36536,16.11130
100584,6.02298,0.23390,9.35344
100635,5.54605,2.59521,8.56679
100685,-2.37459,-0.42355,16.91844
100736,5.70370,0.90425,9.42873
100785,3.17410,0.18292,8.39876
100842,2.37640,-0.52509,8.50235
100885,2.75623,1.24979,8.88806
100935,2.16798,0.63484,8.87730
100985,-4.50612,-1.30902,21.27629
101035,-3.88106,-1.43153,14.29536
101086,3.14812,1.78815,12.46373
101135,-1.34874,-3.13589,21.35571
101185,3.50922,-1.45239,7.56766
101235,1.84592,-0.08313,13.26508
101285,8.48505,0.10519,10.58662
101335,5.16075,-1.41628,5.92091
101384,8.19388,-0.00427,4.34964
101436,-8.24373,2.11548,21.60472
101485,7.22833,3.42551,9.81757
101535,4.79137,0.18147,8.99725
101587,1.04440,0.30057,14.56303
101635,5.24187,0.85626,2.68411
101685,4.84114,0.80125,13.44383
101739,2.30000,-0.83829,6.39226
101785,4.04306,0.14633,-2.44130
101835,17.96295,3.81674,-1.24135
101895,2.83421,3.61835,-5.92078
101935,4.37959,-0.04144,7.36180
101985,2.18169,-2.27441,8.47490
102035,-0.30385,-0.96693,5.88826
102086,5.27757,1.70183,6.98395
102134,0.71754,2.37743,9.98717
102185,-0.40460,-0.17241,8.77576
102235,-0.03941,0.87573,14.97437
102285,1.07671,-1.44615,6.50241
102335,-0.62529,1.30391,23.13364
102385,5.35201,-0.64491,4.13493
102434,4.48152,-0.67528,6.49734
102485,6.65564,0.58806,13.61922
102535,3.58105,-0.84966,7.90019
102585,3.77383,0.71426,12.53477
102636,1.82059,-0.79108,5.58507
102685,5.72523,-0.51868,8.28026
102736,4.50533,1.66750,8.92365
102785,-1.04491,0.16428,12.94521
102836,2.47145,1.61401,12.33032
102891,3.74844,-0.99542,9.21071
102935,-2.12335,-0.17848,15.26184
102985,-0.52542,-0.66481,11.63608
103036,2.62000,-0.10556,8.45218
103086,1.75894,-0.15158,9.74817
103136,1.14105,0.12982,6.55011
103187,-1.64169,0.11063,9.80965
103236,2.62248,1.06451,2.66731
103285,2.25803,1.05167,15.02815
103337,5.82866,-1.70790,-3.53432
103386,1.56465,-1.18724,5.86804
103435,0.92686,1.28775,9.91312
103486,-0.25314,-0.80550,4.82230
103535,9.17659,0.69595,6.43968
103585,-4.52386,-1.92038,14.35231
103636,0.63326,0.55833,5.00656
103685,4.79787,-0.47021,13.80994
103735,5.28481,-0.21399,5.24788
103785,2.18188,4.03061,12.19044
103836,-2.26616,0.86794,13.37071
103891,2.44409,0.78780,8.48775
103934,-2.12518,-0.37230,8.54617
103985,1.96835,-1.83771,9.86850
104035,3.07211,-0.06172,10.85435
104086,4.31128,1.86789,11.70027
104135,1.98499,-0.24168,8.52118
104185,5.30168,0.97751,5.73094
104235,-0.41162,-0.31538,7.33806
104286,1.60077,1.55333,10.02678
104335,-2.46533,-0.66191,13.10091
104386,2.62563,-1.12054,12.27754
104436,2.36589,-1.53230,15.25221
104486,1.29289,-0.21303,8.46153
104535,3.17784,-0.06079,7.34119
104585,3.67790,-0.38460,14.16942
104634,4.61348,-0.29137,5.00980
104685,3.52428,0.83357,8.16095
104736,5.00623,0.01089,8.68478
104787,3.22780,0.64331,6.21887
104835,4.01193,0.11357,4.46037
104891,2.58479,0.06259,7.62492
104934,1.66690,1.11357,10.78778
104985,-0.43436,-1.56068,10.52834
105035,0.90134,-0.21082,10.60690
105086,-0.76614,-0.16446,10.01511
105135,-0.24722,0.27573,8.39513
105185,6.94473,0.10269,7.57829
105235,4.58537,-1.08531,10.58080
105285,-2.20708,-1.26343,4.71013
105335,0.94897,-1.13522,6.91777
105385,4.17317,1.53276,7.21912
105436,1.56157,-0.67151,14.64305
105484,0.35583,-0.18669,9.27148
105535,0.69739,0.03830,9.83774
105585,1.83142,0.66226,8.45999
105634,6.47917,-1.03700,-1.12766
105685,0.81906,0.18663,10.08110
105736,-1.82368,0.12207,13.18924
105786,3.70294,0.18263,9.51544
105835,0.14102,0.99158,9.15529
105891,0.93427,0.36342,11.37070
105936,5.30847,1.31731,8.13649
105985,-0.14143,0.03192,11.79312
106036,-0.81410,-0.29741,11.78702
106085,1.77501,0.43918,8.81197
106136,3.63916,-0.28194,10.85710
106186,0.87961,0.66992,7.71379
106235,3.67570,-0.42651,7.51645
106286,8.38434,0.19890,8.95547
106336,1.77281,-0.81442,9.60783
106385,2.96986,-0.51549,10.45921
106436,2.17792,-0.44579,10.78561
106485,1.35851,0.04759,11.08713
106537,3.90874,1.94997,11.32219
106586,2.22420,0.09970,12.61511
106635,3.45374,-0.61908,6.67427
106687,-0.65974,0.99287,10.56816
106735,5.39943,-0.36902,9.77237
106785,3.05893,-0.07216,10.68301
106836,1.61516,-0.95699,13.29611
106886,1.49065,0.32347,12.97852
106939,3.42114,0.39868,6.59518
106985,1.37074,0.20728,8.49939
107034,4.50418,0.29048,9.31346
107085,1.51546,-0.56509,12.29100
107135,2.09546,0.11125,8.05637
107186,0.17432,-2.88120,3.10278
107236,1.74712,0.78610,14.52979
107287,1.92545,-0.06915,9.13455
107335,1.46793,-0.32161,11.87666
107387,0.00903,0.00197,9.31381
107437,1.05869,-0.30945,9.21123
107484,5.01726,-0.16190,8.04179
107534,0.49734,-0.16713,6.52710
107585,1.89731,1.19243,12.02832
107634,1.83511,-0.75951,12.46417
107685,1.73480,-0.80940,8.18759
107735,3.47899,-1.16830,9.25418
107786,2.29230,-1.01584,10.55887
107836,1.63799,-1.56163,10.64929
107885,-1.88538,-2.19135,9.14140
107950,-1.48811,0.66429,12.28391
107986,-0.90363,1.49966,12.02727
108034,-3.81944,-1.26819,17.69374
108084,3.91150,-2.20212,7.04800
108136,-0.10123,-1.37306,11.64445
108185,5.22311,-0.45935,7.07863
108235,2.62288,-0.37410,5.63142
108285,3.24362,0.52380,9.84059
108336,1.38013,-1.67674,7.56837
108385,3.87747,-1.19342,7.89206
108437,1.80545,-0.83946,9.05159
108485,1.42241,0.04326,8.50323
108535,0.83101,-0.05194,11.73300
108588,1.15804,0.22888,7.48090
108636,3.65782,0.09450,9.46251
108685,-0.01617,-1.11101,9.20230
108734,0.59244,0.09239,12.35471
108786,1.11354,-0.21527,7.36188
108835,2.94312,-0.03494,7.92198
108885,3.02496,-0.48560,9.59659
108935,1.10774,0.22194,10.87283
108998,2.05777,-0.18796,7.70328
109040,-2.63696,-0.15572,11.57761
109085,2.87259,-0.88449,6.92113
109135,5.07639,-0.71855,7.28873
109186,1.93669,0.65613,9.09009
109234,0.55389,-0.42320,12.22372
109286,0.21625,-0.38644,9.36891
109337,-0.07468,-1.21306,11.32999
109386,2.46623,-0.60857,8.79364
109436,1.79909,0.66136,9.96907
109484,2.73003,0.08923,7.11722
109535,1.44385,-0.16656,10.35806
109586,2.54216,-0.93959,7.95366
109636,-1.27960,1.72775,13.02605
109686,1.75307,-0.91656,10.92339
109735,0.23367,-1.76402,8.47026
109785,2.06383,-1.35197,8.78242
109836,3.43616,-1.80992,9.13715
109886,3.30423,-1.66916,8.43074
109936,3.05054,1.96904,10.58572
109985,2.41502,-0.11111,8.22943
110040,0.16302,-0.65204,12.23036
110084,3.13118,-0.93257,4.99261
110135,1.54034,-0.83803,10.69197
110185,1.05508,0.59659,12.29240
110235,2.05530,-0.94054,8.50758
110285,2.41125,-0.33716,9.77510
110334,0.47636,0.46649,9.37584
110384,2.25082,0.15395,7.08086
110435,2.52191,0.30499,8.79617
110485,1.67282,0.99068,9.64917
110535,0.10320,-0.33633,11.23221
110585,2.17137,-1.36835,10.36861
110636,3.34702,-0.40091,8.01234
110685,1.30806,0.74806,11.58719
110736,1.75334,-0.95213,10.42720
110785,0.65742,-0.34448,9.35274
110835,1.31645,0.00066,10.17725
110885,1.00572,-0.99933,10.46947
110936,2.59695,-0.27333,11.81523
110985,2.80780,0.53273,10.32092
111040,1.90562,-0.84027,8.49168
111085,-1.42961,-0.81078,12.37173
111136,3.36868,-0.03896,10.65332
111185,3.24191,-0.01765,9.39557
111236,1.24123,-0.51109,10.29291
111285,3.42662,-0.68773,8.50395
111335,4.06973,1.57298,9.07080
111385,0.32677,0.30629,13.03008
111436,0.06049,0.52763,8.67323
111485,1.96545,0.70302,11.56036
111535,3.43466,1.99573,6.35828
111586,2.17099,-0.86714,6.99461
111634,2.49550,-0.85762,9.32413
111684,0.38075,-1.03860,11.10368
111734,2.84846,0.05513,10.17572
111785,1.13522,-0.41612,10.12462
111836,2.64908,0.31467,7.74065
111885,3.42157,-0.32919,10.23927
111935,3.50409,0.10925,8.15730
111988,3.86159,-0.12195,8.10500
112040,2.27235,-2.38275,10.70239
112085,-0.72760,-0.31686,10.42245
112135,3.29787,-0.31265,12.68878
112185,1.14746,-0.18805,10.98807
112235,1.96472,-1.11191,10.70273
112284,1.21942,-0.98196,8.00618
112335,2.82361,-0.47301,9.51631
112385,4.23311,-0.61124,10.12697
112435,3.53162,0.01855,7.89301
112484,2.53778,1.06386,8.09486
112534,2.31941,-0.79114,8.37456
112585,-0.31552,1.97490,11.48625
112636,2.31476,1.34740,10.09633
112685,0.07588,0.04791,17.38884
112736,0.79932,-1.07899,-0.40555
112785,8.19794,-0.30983,4.08830
112836,4.94853,-0.21532,4.44130
112885,1.31627,-1.31252,5.58974
112935,3.93254,0.20000,9.84709
112986,1.15535,-2.35098,9.99365
113046,1.82803,-1.45367,9.06149
113085,5.11049,0.91789,13.27228
113135,5.89301,1.42062,9.53844
113185,3.69847,-1.39827,8.62160
113235,1.01532,-1.32318,8.78429
113288,1.45291,2.22043,8.43933
113337,8.52924,-1.26022,11.28693
113385,-3.04335,0.80977,13.93068
113435,-0.90964,0.89255,11.18781
113484,1.70465,0.13905,9.53377
113534,3.35808,1.82553,8.66475
113585,2.63293,0.71759,10.83084
113635,-0.39261,-0.05859,8.92674
113685,3.93379,-0.66541,9.41701
113735,1.81628,-0.14061,11.22121
113785,1.52556,-0.62114,13.45459
113835,-1.61996,-1.92743,15.49672
113886,1.29646,-1.53226,11.54590
113935,-2.58516,-1.01164,15.29150
113985,2.48195,-1.88744,4.03815
114035,1.96086,-1.54979,7.93771
114092,3.84944,-1.64897,8.65160
114134,4.84888,-0.27953,4.90434
114184,1.96878,-0.93378,10.42564
114235,-2.65642,-0.36806,9.25766
114285,-1.61813,-0.91736,15.11244
114335,2.19919,-2.51477,5.96544
114384,2.91684,0.05255,9.49385
114435,0.88994,-0.07637,8.79369
114485,3.11440,1.21085,10.92265
114535,5.68869,0.36888,12.22966
114585,4.94354,1.13579,8.65231
114634,1.71744,-0.11024,10.80330
114684,2.55753,-1.19875,10.28595
114735,2.32224,-0.38232,12.66733
114785,3.25970,-0.05681,9.86438
114835,-1.49263,-0.91371,9.65266
114885,2.29219,-0.97913,10.87263
114934,2.21840,0.91591,9.78600
114985,2.77887,-0.85414,10.84219
115035,0.37210,-0.58070,11.23671
115093,1.86052,-2.71263,8.51460
115135,0.39313,-0.66010,11.33260
115185,3.58794,1.52007,5.00771
115235,-0.17909,0.00391,8.70998
115284,1.38544,-1.60080,11.59589
115335,1.84608,0.43634,11.69334
115385,3.40196,-1.09329,6.53455
115435,3.91661,-0.25426,7.16953
115484,5.64305,-0.11160,6.35538
115535,2.57071,0.74475,8.02068
115585,0.99066,1.62102,12.66753
115635,3.05617,1.88249,9.57744
115686,-0.30251,-1.02432,8.85748
115735,1.08853,1.35558,14.27168
115785,0.86882,0.08122,7.22925
115836,-0.95255,-0.63254,9.68953
115885,4.91098,0.23906,8.58496
115936,4.27519,0.97389,10.21461
115985,3.23866,2.83311,7.50302
116035,-2.68626,-2.23486,15.63075
116092,2.80263,-2.56284,10.47728
116135,2.68062,0.46877,8.80370
116185,1.10161,-0.24425,9.75330
116235,1.40401,-0.18944,8.50699
116285,0.71930,-2.42430,9.35960
116335,2.00395,0.51213,6.68816
116385,2.56340,1.39168,10.72769
116436,2.56483,0.27786,11.81586
116485,6.04300,0.06148,8.80090
116535,1.95541,1.73251,7.28333
116584,2.62318,2.10806,13.47787
116635,-1.17302,0.69611,12.38042
116684,1.85851,-0.52335,7.46240
116735,3.65704,-1.15529,3.94551
116785,10.13342,1.68129,3.80948
116835,4.38132,1.44527,10.29617
116885,-0.64650,0.41853,13.69048
116936,3.40288,-1.24612,9.73869
116986,4.73543,-3.36183,9.63295
117035,3.48146,0.89719,9.83710
117095,3.22467,0.81995,9.96873
117135,-2.20076,0.94551,10.73170
117184,0.52481,-0.04837,9.56992
117236,5.14476,0.02760,5.05951
117285,1.00436,-1.03482,9.33337
117336,0.99312,-0.40456,9.14726
117384,5.96051,0.86313,7.19316
117435,6.96440,1.76357,6.06082
117485,3.86336,1.79594,2.38680
117536,5.62903,2.74522,1.16174
117585,0.19748,2.35274,5.79300
117636,-6.31270,-0.31363,17.34250
117685,0.67900,0.77107,8.34663
117736,1.30203,0.97672,7.21759
117786,2.34508,-1.13022,9.74176
117836,2.69171,-0.33316,12.99747
117885,-2.83357,-1.33742,14.49841
117936,0.47516,-1.08331,12.55315
117986,1.70952,0.67000,13.00133
118036,1.26665,0.44034,8.30310
118089,2.13568,0.14082,12.17082
118135,3.34680,-0.45161,8.52686
118185,0.78239,0.53113,8.94438
118235,2.36632,2.68668,9.14453
118285,-1.60170,-1.96898,6.86200
118336,1.50148,-0.20789,6.26883
118386,2.26924,-0.30830,9.81554
118435,-0.86794,-0.34320,9.66174
118485,2.59116,-1.25089,13.27246
118535,4.08061,1.36244,9.33656
118585,3.80630,-0.55881,4.21355
118636,7.19014,1.02003,11.72322
118686,-1.21997,-2.64909,8.61676
118735,3.62994,2.32631,10.06160
118786,1.52112,0.81889,6.32158
118835,1.27281,-2.54109,9.39821
118886,0.96678,0.90453,8.16570
118935,3.13933,-1.41435,10.13068
118987,3.52809,2.39716,12.93617
119035,3.58138,0.84802,9.22026
119096,0.85374,0.83173,12.01785
119135,2.05847,1.05682,5.58707
119185,1.99846,-0.07135,8.92680
119235,-0.04564,0.80908,8.52184
119284,0.08488,-0.53511,13.66257
119335,-0.18219,0.54913,13.74983
119385,3.74702,-0.24327,8.87550
119435,2.01233,0.08510,9.84013
119485,2.54892,0.13968,9.63321
119536,-0.85596,-1.31213,11.57428
119584,0.84109,-0.40088,7.99332
119635,3.32613,-0.23810,6.06664
119685,1.54555,0.26346,7.38516
119735,1.82735,-1.77792,7.95052
119785,1.44058,0.14610,10.01344
119835,0.46402,-0.60300,7.24146
119887,1.49556,-0.01180,8.80424
119936,-0.41377,-0.03450,12.81546
119985,1.61951,-0.10104,6.14738
120035,2.03159,-0.41330,8.56573
120098,2.63318,-0.61394,6.60269
120134,1.61603,-0.58881,8.76891
120185,-0.74524,-0.68047,11.45874
120235,2.20251,0.82964,10.51802
120285,-0.96155,0.97568,9.50801
120336,2.35573,-1.19157,10.98351
120384,2.61301,-0.84515,9.26201
120435,-2.37483,0.32025,15.33591
120486,2.76347,-1.29933,5.17210
120534,2.23996,-1.48882,12.64680
120586,0.77054,-0.29079,8.06075
120636,2.22797,-1.73468,6.92848
120685,2.06133,0.48840,11.33986
120735,-1.44057,-0.12938,9.86394
120788,-0.13803,-0.02649,8.14914
120835,2.71463,-0.41988,8.48602
120886,-0.98669,0.14401,11.86200
120936,1.39641,-0.15039,10.73154
120986,1.39641,-0.15039,10.73154
121035,1.82274,1.71953,10.69051
121088,0.95837,0.73950,11.60075
121135,4.32516,0.93483,12.13116
121184,-0.06691,-0.68044,6.86600
121238,0.90025,0.22971,13.17281
121289,4.27986,0.65590,8.02573
121335,-0.14101,-1.71568,9.36089
121385,0.61331,1.90251,9.95232
121435,1.71826,-0.69316,9.86740
121485,0.54697,-1.13469,12.28758
121534,2.74141,0.23122,7.06142
121585,4.10042,-1.38208,7.44032
121637,0.67726,0.20784,8.75443
121688,3.18297,1.57172,8.69345
121735,1.42213,0.03310,13.43846
121785,-1.49464,0.74110,13.10857
121835,1.08006,-0.28624,11.13773
121885,4.41217,-0.10605,9.69598
121935,-4.00563,-2.17061,17.14227
121984,0.06773,-0.27278,8.94850
122034,1.52376,0.85007,10.71181
122096,-3.09068,-1.07095,14.29854
122134,1.06337,0.74258,10.96809
122185,0.30574,-0.26701,9.68018
122237,4.03238,0.61832,7.71979
122286,3.53967,-0.03372,6.95833
122336,3.24736,0.77080,6.17331
122386,5.61899,2.06538,11.43610
122435,-0.19601,-0.06447,11.99692
122485,4.27533,-0.70198,7.26018
122535,-5.19391,0.65016,16.96274
122590,0.29851,0.83897,8.46758
122635,-4.01785,-0.16614,15.79463
122686,1.00865,-1.74510,10.51952
122737,0.30800,-1.85764,4.75665
122787,-2.39291,-1.38889,9.50880
122836,5.49651,0.89371,9.31610
122885,2.28783,0.67648,5.84612
122935,-0.15849,1.81934,11.93318
122985,2.55711,0.59978,10.69777
123036,1.15080,0.68338,10.61249
123104,-0.15454,-0.38918,9.91913
123135,0.94699,-1.44435,12.27985
123186,0.99623,-0.29144,9.50320
123236,-0.64583,-0.06743,8.53529
123289,11.71468,3.34425,4.78023
123336,6.92148,0.90559,4.51357
123385,-1.04309,0.01187,7.20193
123436,-0.32381,0.58266,10.21843
123484,5.77611,-1.01682,8.72934
123536,4.00378,-1.21638,11.11819
123586,3.20506,-0.13591,6.10715
123636,-1.58302,1.19385,11.30507
123688,1.28366,0.98398,9.00395
123737,3.96567,0.16129,12.80620
123790,1.75742,-0.37840,7.32259
123836,-0.09554,-0.52379,11.02745
123888,0.44261,-0.43042,9.45338
123935,1.31067,-0.06570,11.94598
123986,1.82248,0.43962,6.60776
124036,0.45058,1.18414,11.13779
124088,3.24564,0.68080,7.84744
124151,4.11363,-0.03386,9.25139
124185,-2.15805,-0.37532,14.37785
124236,1.77472,0.40634,10.65985
124288,2.61797,-1.33855,10.09190
124336,3.30479,-0.94177,6.15768
124387,0.91273,1.56042,9.37097
124436,2.29385,-0.54094,7.59497
124485,2.20255,-1.23740,9.83209
124534,2.97926,1.98726,8.92369
124591,5.57291,1.27731,0.93825
124638,2.72957,0.65108,9.81796
124685,-1.48642,0.17964,13.71381
124734,1.23523,-2.94070,9.03001
124784,2.05539,-2.66019,4.77431
124834,-0.18236,2.10944,8.28781
124885,3.49213,1.34378,10.83778
124937,0.12622,-1.16991,14.77835
124985,-0.52515,-1.14557,12.40881
125036,0.79747,0.99483,6.53661
125087,1.34276,0.98454,10.14444
125152,2.07961,-0.83160,8.00037
125187,-3.33511,1.50470,9.09349
125235,-1.09822,-0.33267,14.17508
125285,-2.02623,0.84663,18.97333
125335,2.76515,-2.04622,0.82796
125386,7.72023,0.33710,8.39282
125436,-3.18027,-0.93195,1.09857
125485,-7.76625,-0.15550,39.31100
125536,-20.20798,-13.37918,20.11343
125588,9.66853,-2.99527,10.49698
125637,0.99301,-2.93935,13.16559
125686,-4.90181,0.43150,7.79790
125736,43.25107,3.12587,14.66376
125787,-0.72070,-5.39072,-6.01572
125835,7.74973,0.65762,29.60526
125885,5.02289,3.03177,1.10045
125936,1.08023,1.63310,10.13420
125990,2.72238,0.41600,9.64224
126035,4.46440,-0.28348,8.12483
126086,2.60431,0.28915,8.37202
126146,2.83408,0.05725,9.45340
126185,-3.14365,-1.07634,10.27101
126235,0.20676,-0.49437,7.66745
126284,1.53819,-0.17148,7.67693
126334,2.37648,-0.95071,9.07523
126387,1.97968,-1.20697,8.12941
126436,0.41655,-1.36908,9.63046
126484,1.75127,-0.38194,9.33052
126535,0.56108,-0.19965,11.62250
126584,1.50044,-2.21165,9.25240
126636,-0.74925,-2.68585,11.21257
126687,5.05101,0.25787,6.17029
126737,6.19073,-0.71239,6.90079
126785,2.94859,0.24817,14.78775
126836,1.22488,0.15082,8.38344
126885,-3.73991,-0.92807,11.21088
126937,-1.83965,-0.77663,10.07193
126986,-4.01291,-1.61296,9.24840
127038,-0.49336,0.34657,11.63019
127087,0.82733,-0.55125,11.88692
127155,0.40616,0.53857,6.83768
127185,-4.44760,1.68340,9.53644
127236,0.71587,-1.84995,12.27948
127287,-1.49724,-0.02567,8.65044
127336,-4.50774,-0.15656,10.22800
127390,1.84824,-1.26093,9.62242
127437,3.73373,-0.96675,6.31903
127485,0.74240,3.29634,5.31474
127535,2.51955,0.87468,9.03140
127586,0.57936,-1.27257,13.17033
127636,2.25250,0.32799,12.16803
127687,-0.49672,-2.20990,10.55975
127736,0.44232,-1.63544,8.80257
127786,1.44370,-0.12733,8.65749
127836,2.10796,-1.33270,5.98425
127885,3.53296,1.71722,8.58858
127936,1.89299,-1.22466,9.33435
127988,-1.64561,1.20718,11.57671
128037,-1.11891,-2.70467,10.46434
128089,2.96886,-1.19232,9.94531
128146,4.08492,-1.15141,4.95274
128185,7.84763,-0.67154,5.32753
128235,2.81660,0.22495,9.19400
128287,2.13177,-2.26028,4.72179
128336,-0.24660,-0.57399,9.96704
128389,1.60001,-1.78242,4.99826
128436,0.72176,-1.02220,12.17844
128485,0.44078,0.21664,13.59215
128535,3.17191,-1.82265,8.95024
128585,3.34221,0.61295,3.64339
128636,10.29372,2.11964,2.76900
128687,-0.89346,-0.48599,5.90376
128737,3.10214,1.21629,13.96469
128787,-0.19360,0.88263,9.18610
128836,2.51976,-0.55708,8.80482
128890,0.74954,-1.22275,14.81131
128937,-0.53169,1.23184,18.13741
128986,5.18050,-2.59903,4.42549
129036,5.06306,-0.55035,7.60902
129085,1.16727,-0.60243,5.01201
129137,3.50670,-2.13695,6.70894
129198,0.30612,0.32407,11.36331
129235,2.66142,0.30864,7.08783
129286,-2.81068,-1.89212,14.08878
129336,-1.57506,-5.02106,9.77884
129390,4.62143,-1.18378,10.01967
129438,-4.09576,-0.29715,13.12660
129485,5.21149,0.55142,13.00279
129535,5.07251,-0.95750,5.05959
129585,4.54095,-1.01390,9.40584
129635,3.34821,-1.98274,13.89688
129685,-1.29515,0.56050,11.57475
129736,6.78897,-0.11021,6.04860
129786,0.06798,-2.94437,11.91707
129836,-0.52019,2.72614,9.24565
129886,1.93863,-2.14041,10.96454
129935,1.73337,-0.58156,6.52554
129987,-1.07303,-0.84033,11.21243
130036,-0.06192,1.31232,7.09338
130085,0.75195,-0.66411,10.32617
130136,3.55162,-0.42651,7.67757
130197,1.23996,-1.42232,8.26453
130235,4.61041,0.41994,8.70699
130288,3.94638,-0.32648,5.00992
130336,-0.92175,-0.82677,10.76062
130386,1.13269,0.27844,13.57320
130435,3.85069,1.44940,6.33163
130485,2.65752,-0.46187,9.54282
130535,0.38649,-1.79689,14.05666
130586,-1.25223,-0.52887,14.18372
130636,2.45757,-1.05605,5.77539
130686,4.87813,-0.78738,3.57166
130736,-3.95462,-0.85406,17.94920
130787,0.34595,-1.57539,10.66577
130837,-5.90668,0.47559,19.18240
130888,-1.75377,0.09842,15.61493
130936,9.22153,-0.08025,-0.35501
130986,11.36572,1.43338,1.18002
131036,3.73099,-0.72118,4.96069
131087,6.42494,-0.83420,11.67784
131136,1.18130,-1.61021,6.32916
131202,-2.10626,-0.54115,10.50018
131235,1.13652,0.14847,3.08192
131286,6.90038,1.94244,12.09639
131337,0.09726,-0.61809,11.08252
131386,0.77124,-1.54181,8.88405
131437,0.48367,-2.58025,7.28613
131485,-0.24469,0.28766,17.79927
131536,2.22237,-0.05638,8.74678
131585,6.52704,0.82701,5.52679
131635,-1.28317,0.31459,8.83110
131686,4.40025,0.93422,4.83458
131737,7.35617,3.39828,7.95726
131786,-2.82420,-0.42809,9.87997
131836,-4.20706,-1.43242,13.82729
131886,4.56921,-2.22787,7.70335
131937,-3.51437,-1.26521,16.07191
131987,-13.48103,-3.06798,26.49657
132036,1.39308,-1.80345,9.15103
132090,1.91539,-0.87357,11.74593
132137,5.32811,0.38750,7.01627
132186,3.34332,0.46095,8.69713
132245,0.61551,-1.25253,10.01015
132285,8.40053,-2.44951,11.05516
132336,6.22829,-0.02689,3.51106
132387,-6.78574,-0.10297,21.18251
132437,2.95210,-0.42647,16.17894
132485,-1.45407,-2.42482,14.51405
132535,8.12833,0.02248,1.94598
132585,8.17279,2.01953,2.87149
132635,4.05588,1.16060,4.22346
132685,5.30743,-0.71185,15.43224
132735,2.29788,-1.90150,6.62648
132784,-6.31563,-1.21523,15.42249
132835,-6.50558,-1.02217,15.26599
132885,0.21164,1.49556,10.85323
132939,5.44743,-1.12543,0.26605
132984,4.39540,-2.26886,2.72197
133034,4.37454,1.09729,6.56085
133084,2.64310,4.07355,5.79945
133136,0.28497,0.00806,17.34744
133185,7.31825,0.60089,6.32880
133238,5.82426,1.12093,6.08594
133285,-1.69289,2.35411,14.58968
133336,0.97098,-4.29678,14.01846
133388,3.82088,-4.68860,2.73691
133439,15.41501,3.08823,1.13298
133485,5.30104,3.33583,-2.05968
133536,-6.74986,4.69760,-13.67181
133586,-7.42030,0.31120,0.75066
133635,3.46570,-1.12401,1.68182
133686,1.29204,-0.96335,5.51541
133735,5.23180,0.16368,9.13617
133784,-0.66190,-4.48618,9.24789
133834,-0.70105,-3.39067,11.47946
133886,-6.92755,-1.55505,16.91072
133936,-1.05678,0.98221,11.91412
133985,0.15149,1.02504,12.12479
134035,-1.27370,-1.73312,7.54665
134085,3.06732,-0.51717,9.11028
134135,4.15065,-0.33954,10.59442
134186,0.58611,0.52609,8.45506
134247,-0.86765,-1.67970,13.85837
134285,-1.69533,-0.25732,9.80948
134335,2.97351,-2.61449,11.03780
134387,2.07240,-0.22739,8.73445
134436,1.06726,-0.02068,9.79329
134485,6.18109,-2.06435,0.01682
134536,4.00439,1.77907,8.54289
134586,-0.38901,1.17746,12.05013
134636,-0.18333,-0.53838,13.09192
134686,-1.25040,-3.78279,15.82211
134736,-1.67949,-0.71059,4.02002
134786,0.69206,0.33588,8.40056
134836,5.96390,-0.57028,2.00087
134886,3.35478,1.44670,11.94803
134935,-1.86584,-0.36627,14.40486
134985,-1.91180,-2.90472,9.79950
135036,2.88594,-1.96410,12.52544
135086,2.70872,1.23303,7.97102
135135,0.70477,-0.43275,12.54811
135186,6.03351,-1.08794,7.57597
135242,1.76160,-0.07727,11.04527
135285,4.09357,0.39461,8.65764
135335,0.16246,1.22278,10.76468
135385,-9.14835,-3.12115,16.31363
135435,1.91129,1.04970,11.86421
135485,2.39677,0.81828,9.32935
135536,3.94615,0.31836,9.22644
135587,-1.75766,0.87170,11.55951
135636,7.76012,-2.61803,1.57379
135685,2.56599,-0.92996,5.98615
135737,2.55820,1.34946,8.77789
135786,-2.24632,0.55815,14.87112
135836,1.42867,-4.80318,4.66690
135886,-2.41859,1.83406,3.74260
135937,1.70905,-1.79698,6.52388
135986,1.26794,-0.04680,10.97560
136035,6.35571,-1.56091,8.77664
136086,4.13347,-1.65558,9.68210
136136,0.75255,0.06894,8.32773
136188,2.59789,1.01842,9.61807
136250,3.27028,-1.21931,7.84792
136285,5.42542,-0.32578,3.45940
136336,2.86476,-0.37323,12.27313
136386,2.47144,-0.11668,14.89047
136436,-3.97427,-0.15839,26.83846
136485,-5.59106,-0.59311,17.71661
136536,0.02489,1.28526,11.85175
136588,-1.39989,-0.13589,13.69669
136637,-3.87971,1.12939,15.07933
136686,-1.95947,0.76820,10.67001
136736,3.38588,-1.66637,12.52824
136787,0.45953,1.61829,5.47214
136835,-0.55646,-0.93138,9.85742
136886,4.12350,0.77196,10.51984
136936,-3.49001,0.14848,14.47838
136986,-2.86507,-2.80449,14.13983
137036,4.58102,-1.53020,10.81026
137085,1.30884,-0.77412,9.92899
137136,0.71045,-2.25591,9.34230
137185,0.92719,-1.84460,10.21265
137251,2.44899,-0.44569,9.82094
137286,1.31042,1.08467,8.38379
137335,4.84320,-0.90419,6.67171
137387,5.05959,0.23294,5.14850
137439,4.00281,0.67909,11.08510
137486,1.88794,1.19662,9.02478
137536,-1.01411,-0.15919,12.43202
137585,-1.47749,0.80539,12.56848
137636,-7.65283,-4.12852,11.85580
137686,-2.65826,-2.33925,15.93317
137735,-1.84268,-1.76772,10.53860
137787,2.78239,0.02060,10.88329
137835,4.31221,-0.84459,6.19157
137886,1.39650,-0.51575,6.85918
137936,2.13947,1.29410,10.59149
137986,3.00699,-3.31409,7.24193
138036,-0.64043,-1.62576,9.23267
138088,-0.13055,-2.00572,9.88647
138135,2.97649,-2.47043,15.13104
138186,1.49930,-0.49979,12.09808
138257,1.35518,-1.91908,8.42282
138285,1.60413,-3.21217,4.76158
138336,1.43428,1.25731,10.84464
138385,8.22269,-1.66631,2.52390
138434,-1.13219,-1.79938,11.01700
138485,-3.47704,-2.63998,10.74074
138536,0.42484,-1.74574,10.00229
138586,4.97307,-0.07607,8.90370
138637,3.98241,1.31187,8.16707
138690,-2.60005,0.09059,15.74098
138735,4.47906,-1.17995,6.70735
138785,-0.24136,0.48486,11.12666
138835,-0.76033,0.88354,12.38699
138885,1.91380,-0.12231,12.61688
138935,2.34094,-0.14001,8.24654
138986,0.11684,-0.91728,13.17953
139036,-0.61038,0.10083,16.18623
139086,3.37537,-1.41647,5.74654
139137,6.47304,-0.36014,6.43881
139186,3.96780,-0.22087,11.16664
139248,0.60918,-0.26744,12.41020
139285,2.40488,2.32629,10.66891
139335,0.56335,-2.26155,9.78154
139386,1.31204,-0.16043,6.78326
139436,6.93741,-1.20544,10.47881
139485,-4.81151,-0.16422,18.70807
139536,-1.79510,0.99820,7.04388
139587,4.57884,0.74258,10.51404
139636,2.95546,0.02573,7.22209
139686,-0.22467,-0.74922,6.29460
139737,2.50949,0.94086,8.51131
139786,-0.22780,0.90312,10.82890
139835,1.17392,0.59164,10.55563
139886,-0.87315,1.64609,8.97894
139936,5.62044,0.79359,7.31697
139986,1.28963,-0.20546,4.73926
140036,-1.28528,-0.93933,10.08311
140086,1.89847,-0.05602,12.55096
140137,3.19350,-2.44136,9.62822
140187,0.35156,-0.91599,8.79645
140247,-0.24146,-1.01773,8.50923
140286,-0.37262,-0.59665,13.39026
140336,2.65041,-1.13025,9.95845
140386,2.28146,-0.30948,12.57806
140435,1.22649,0.51006,7.68488
140486,3.19179,-0.19666,8.99464
140536,5.38333,-0.30135,9.48628
140587,6.67723,-0.40102,5.19879
140636,3.22015,0.78618,5.28815
140687,-1.68713,-0.81979,10.12971
140736,-1.12596,0.55821,10.57918
140786,2.55217,2.13652,12.20132
140836,1.21974,-1.13631,11.52440
140889,2.14174,-1.30154,8.68094
140936,3.94098,1.25439,7.15526
140990,3.66699,0.43582,8.58118
141036,2.39793,-0.28552,7.90446
141088,0.83549,0.72165,9.41618
141136,1.06566,0.50313,5.92116
141190,2.78313,0.47644,11.39601
141250,2.97771,0.24771,6.32034
141285,1.62570,-0.85408,10.86975
141336,2.14983,-1.38301,6.45180
141390,12.49921,-0.69844,4.50175
141436,7.66048,-0.69310,4.76717
141486,-1.14648,-1.54243,13.61281
141536,3.47612,-0.99802,5.28745
141586,1.50244,-1.17792,11.41559
141636,-2.03946,-2.33771,4.43921
141687,5.12389,1.19206,9.09023
141736,1.89679,0.17265,10.50790
141785,2.00658,-3.12367,7.97072
141836,4.11385,-0.75304,9.61487
141886,2.29976,0.51764,9.58896
141937,2.51035,-0.49519,9.63084
141985,5.98752,0.71199,5.99289
142036,-2.48070,-1.55081,6.84888
142087,1.18233,-1.63368,12.29890
142136,-2.23384,-2.43845,9.79428
142193,1.04626,-1.98947,12.10551
142235,1.76315,-2.31288,11.25540
142300,1.46017,0.42470,8.30258
142335,6.11099,1.64539,8.44257
142385,7.42746,2.43623,11.96452
142438,-0.49368,-1.58612,9.16681
142485,2.28017,-1.01852,17.11542
142537,2.35953,-0.91188,6.46043
142586,4.51047,-0.02609,9.11035
142636,1.69878,0.69681,5.03059
142687,2.60080,-0.64157,3.93338
142736,3.58447,0.40959,9.02907
142787,0.57455,0.42076,8.66245
142836,3.56316,-1.11568,8.52795
142886,2.26636,0.33887,9.41011
142937,1.04729,0.53716,12.03482
142986,-0.04810,-1.83516,12.14497
143036,7.03584,-0.12822,6.09201
143086,3.22592,-1.17023,7.61865
143136,3.36699,0.03120,3.40366
143186,4.93402,0.59676,6.97679
143236,-2.23457,-0.76984,11.02696
143301,1.15648,0.04231,5.77496
143336,0.30766,-0.50009,4.83772
143385,2.17065,-1.37115,8.26714
143437,3.13097,-1.19960,10.19508
143486,3.85088,0.97250,9.80441
143536,5.76151,2.39151,13.18411
143586,-0.89053,-0.47223,9.79518
143636,-0.66429,-0.59851,12.31316
143687,2.68935,0.00172,9.23137
143736,1.01558,-0.40468,14.32480
143785,1.26717,0.08452,13.04132
143835,0.83925,-0.51453,5.30983
143888,2.65327,1.11952,9.80368
143936,2.41917,1.11493,8.32854
143985,3.40904,-0.97273,6.95644
144035,-0.24466,-1.14708,6.62271
144090,3.73003,-0.13255,10.79626
144137,6.18314,-0.26321,8.11433
144186,3.54517,1.15421,12.18063
144237,-1.90224,0.16040,7.87456
144306,4.00839,0.75438,12.37688
144335,3.81898,-0.81351,10.65459
144385,-2.47958,0.46347,11.90945
144435,7.31232,1.45935,5.27075
144484,4.36726,-0.26376,3.62268
144534,2.03171,-0.53540,4.38170
144585,1.04501,-1.32076,9.82755
144636,-2.22867,-1.06903,9.49544
144687,-2.66512,-0.34314,10.83235
144737,-0.26964,-2.02693,11.75020
144786,-0.10292,0.56248,9.07924
144837,-1.39368,-0.47385,9.15662
144886,4.55368,-0.72124,9.44325
144935,-2.19633,1.01059,9.61810
144988,-1.16692,-0.19247,10.89502
145035,3.15298,-0.39217,7.38547
145085,-0.70102,-0.60361,9.22067
145135,1.65779,-0.15437,6.73924
145185,1.55447,-0.02466,8.38194
145236,1.77094,0.41431,6.44411
145287,-1.44438,-1.31033,6.79340
145353,2.08249,0.42039,7.46266
145385,5.73555,0.19038,11.07495
145435,3.94675,-0.19756,12.19673
145484,2.30968,-0.55859,12.12871
145535,4.72800,-0.36070,12.80554
145586,1.68774,0.71013,9.71332
145636,0.73477,0.20787,11.55392
145689,1.19077,0.11476,11.64064
145736,3.84915,0.72198,7.44684
145786,0.63782,0.59657,11.11922
145836,4.22244,-1.77351,6.38580
145886,5.51845,1.36545,8.98962
145936,7.58705,0.66190,13.18143
145989,1.14923,-0.24889,3.70822
146036,2.46510,0.09627,14.20287
146087,2.56088,-1.55045,7.26665
146136,5.38940,-1.18210,3.64784
146187,3.31616,-1.36540,10.47427
146236,1.73708,1.35031,12.73924
146287,3.91275,1.52486,9.62158
146353,1.30037,-0.22574,12.35966
146385,2.83850,-0.40712,6.59761
146436,1.83003,-0.56729,12.43961
146485,1.56187,0.38483,10.48256
146536,-1.42662,-0.75298,9.11653
146586,0.40457,-0.74953,4.49060
146637,2.43112,0.59845,6.44582
146688,5.22917,0.89970,7.48755
146736,2.34998,0.74995,8.34866
146788,3.78033,-0.92014,8.40726
146835,3.30977,-0.28194,9.33971
146885,2.23047,0.67894,7.57080
146936,1.23795,1.06006,15.28250
146986,3.81404,1.11555,10.37796
147036,0.29921,-1.07431,8.87518
147088,0.81447,0.36633,12.34804
147136,0.19534,-0.84041,7.82866
147185,3.05392,1.16074,9.86333
147235,4.27589,0.45700,7.03198
147287,3.22408,-1.05836,9.16408
147338,-0.39978,0.35068,9.09714
147385,7.68524,0.94170,8.30605
147435,2.93057,0.43584,6.80054
147484,3.78804,1.63295,11.77023
147534,5.54353,0.77429,10.39198
147585,3.28101,-1.46625,10.55232
147634,-0.21979,1.32701,10.36313
147684,-0.87923,-1.16621,9.31888
147735,2.22066,-0.54498,9.91010
147785,-0.25615,-0.70874,10.23415
147835,-4.59003,0.98254,11.87016
147885,1.56563,0.79607,9.51410
147935,-0.48523,-1.07764,11.18152
147985,3.67522,0.88681,9.82494
148035,0.88890,0.20482,12.88344
148086,0.45819,-0.41925,11.24445
148136,3.45964,0.53972,8.71742
148185,0.11743,0.08154,7.26503
148235,0.06204,-0.01071,13.42769
148285,0.52313,-0.80783,10.30865
148350,2.92406,-1.05075,6.91753
148386,-0.49734,-0.12962,9.41566
148434,2.38654,0.12105,3.26530
148485,0.78239,-0.76775,13.32956
148536,4.69754,1.55351,8.46890
148587,0.53412,-0.80530,8.85425
148638,-0.09918,-0.79219,12.25978
148685,4.22549,0.57291,8.59506
148736,1.95863,0.25612,5.12769
148786,1.07498,-1.05855,10.15691
148837,1.68336,0.70143,7.89096
148888,1.61028,-0.33800,10.89680
148936,0.46779,-0.11264,8.85730
148989,1.17850,-0.58783,11.62277
149036,6.39999,0.67897,10.20284
149087,0.60335,0.56239,10.84157
149136,1.17751,0.25505,10.83322
149185,0.46927,-1.94301,7.32332
149235,0.49176,-0.45058,8.19531
149288,2.10164,0.87492,8.32291
149343,3.26251,0.48981,10.84715
149385,0.41507,0.68170,10.98842
149435,1.37975,0.54039,9.19337
149485,2.60016,1.55905,10.06979
149536,2.35765,0.66286,7.71631
149585,2.76646,0.74242,4.93152
149637,2.90800,0.55927,11.15840
149687,0.92946,-0.35732,7.83134
149736,2.71048,1.21942,9.35052
149786,-3.41187,-1.26526,14.08418
149836,6.18552,-0.05652,9.00851
149886,3.73865,0.23892,7.76500
149937,-0.85881,-0.68636,9.21802
149988,0.46606,0.54372,9.45360
150037,4.30681,1.14604,10.13828
150085,-0.88084,1.02959,13.12820
150137,0.19933,0.10347,8.23233
150190,2.83057,-0.43187,10.52306
150236,2.45709,1.42212,13.54182
150286,2.71448,1.54399,9.38332
150336,0.77496,-0.01239,10.91483
150390,0.20071,-0.00763,11.13849
150435,7.48007,-0.25818,8.96275
150485,-0.23436,-0.37807,10.42171
150535,-0.52623,0.23149,9.13553
150585,-1.03297,0.47025,8.40372
150636,-2.62389,-0.06520,12.82530
150686,1.63884,0.45091,8.37860
150741,1.38309,-0.11565,9.34731
150786,1.48996,0.25212,12.23849
150837,1.36166,0.50482,11.34204
150886,-1.74440,-0.24493,6.88388
150936,-1.55020,0.13213,8.52676
150987,0.94547,-1.09709,6.67410
151036,2.14459,0.33118,9.53665
151086,1.02943,-1.24792,11.13626
151136,6.09502,1.49196,10.47464
151188,-0.21184,0.38878,11.58484
151236,-2.27541,0.55441,11.36278
151288,-1.06406,0.55231,15.00089
151335,2.27304,0.84601,9.56961
151398,-4.02318,0.64795,9.56750
151435,2.01416,-0.18286,8.23778
151485,3.84683,-0.48116,10.12386
151535,2.67705,0.17203,7.79413
151586,1.77798,-0.10085,11.85324
151636,-1.48175,-0.05116,10.27655
151686,2.00172,1.34087,8.52019
151737,0.41852,-0.08864,10.89885
151787,1.26563,-0.21739,9.04222
151836,3.59747,0.44977,10.43068
151887,2.37187,-0.45306,10.21826
151935,1.25771,0.46844,10.81606
151985,0.76956,0.81233,11.58446
152035,-0.52571,-0.59218,10.30260
152085,0.03485,-0.76569,9.34941
152135,1.05954,-0.97353,9.04492
152187,-0.05934,0.56914,10.48146
152235,0.51761,1.40340,9.69122
152285,1.78534,1.73116,9.45215
152337,0.78882,1.05537,9.41815
152394,0.50677,1.66255,9.80376
152435,1.20966,2.10768,9.15910
152485,0.64247,1.78990,9.61684
152535,0.65541,1.52077,9.63921
152585,1.28197,1.63936,9.80037
152635,1.06355,1.81172,9.75023
152686,1.03210,1.62869,9.17978
152736,1.13348,1.21625,9.51270
152787,1.41661,1.05836,9.71193
152839,1.48926,1.08147,9.79311
152885,1.18488,1.00119,9.49265
152935,1.46092,0.71558,9.43315
152986,1.22188,0.59314,9.96979
153038,1.53018,1.14705,9.43687
153085,1.60680,0.87738,9.38525
153136,1.61629,0.79443,9.45731
153185,1.95720,0.81891,9.38768
153235,2.01828,0.51794,9.48004
153285,1.89909,0.63127,9.41144
153336,2.10616,0.69379,10.00891
153434,2.30096,0.29347,9.46960
153436,2.00249,0.40865,9.51222
153485,1.62653,0.47154,9.41644
153536,1.66524,0.43211,9.41284
153586,1.63957,0.19611,9.49879
153640,1.80127,0.78706,9.54060
153684,2.13631,0.39812,9.49785
153734,1.92345,0.29643,9.42529
153784,1.86418,1.14194,9.71762
153834,1.99890,0.85689,9.27995
153885,1.87959,0.30827,9.37988
153934,1.64909,-0.31352,9.55460
153984,1.94463,0.30537,9.55963
154035,2.15150,0.94998,9.31703
154085,1.76692,0.86298,9.41957
154135,1.60997,0.76285,9.42284
154186,1.96320,0.60030,9.42604
154236,2.05466,0.68146,9.45306
154290,1.90437,0.79323,9.40417
154337,2.01477,0.60741,9.46613
154405,1.95692,0.78137,9.39299
154435,1.80769,0.83638,9.44186
154485,1.78810,0.54941,9.43553
154536,1.85039,0.77094,9.42847
154586,1.86305,0.78825,9.44972
154637,1.87990,0.47633,9.45325
154687,1.94316,0.57832,9.45750
154735,1.97552,0.49503,9.43811
154786,1.89751,0.62289,9.48611
154835,1.82016,0.47531,9.47226
154885,1.98260,0.62871,9.45938
154935,1.90208,0.64406,9.45760
154985,1.90233,0.46841,9.42770
155036,1.88383,0.64679,9.42468
155090,1.83791,0.57797,9.45790
155135,1.80801,0.59958,9.49571
155185,1.85527,0.57521,9.43086
155236,1.91966,0.71349,9.41034
155285,1.90294,0.64903,9.40323
155336,1.96339,0.65775,10.19844
155414,1.84297,0.71045,9.44418
155437,1.83232,0.75043,9.35770
155487,1.87016,0.47073,8.87230
155535,1.81050,0.74976,9.44379
155585,1.77943,0.86957,9.08325
155635,1.75632,0.80838,8.90067
155685,1.80251,0.69647,9.44647
155736,1.78218,0.75775,9.48087
155785,1.81564,0.67123,9.45346
155835,1.82288,0.61754,9.42955
155885,1.84988,0.60378,9.41353
155935,1.84988,0.60378,9.41353
155985,1.81480,0.68259,9.47771
156034,1.85155,0.77029,9.41867
156084,1.81062,0.82323,9.41095
156134,1.87106,0.84662,9.38861
156190,1.90703,0.66832,9.44398
156235,1.88222,0.73198,9.46710
156284,1.85287,0.58408,9.48325
156334,1.82330,0.61388,9.40811
156392,1.85989,0.70729,9.45000
156435,1.83125,0.70490,9.43544
156485,1.91084,0.76936,9.42480
156535,1.92653,0.61615,9.39732
156585,1.94453,0.81032,9.40828
156634,1.87244,0.69908,9.41974
156687,1.90146,0.78688,9.42140
156735,1.87781,0.65450,9.45816
156785,1.87865,0.62785,9.43959
156836,1.88580,0.68173,9.46460
156885,1.85478,0.69308,9.45184
156935,1.85855,0.66403,9.41960
156987,1.83487,0.74313,9.47908
157036,1.85327,0.67464,9.45821
157086,1.89636,0.65314,9.41962
157135,1.92274,0.68332,9.45366
157186,1.87878,0.71892,9.43794
157236,1.89255,0.73785,9.44385
157289,1.88115,0.70485,9.40823
157335,1.88963,0.71237,9.43452
157384,1.89006,0.68547,9.43190
157442,1.87878,0.67422,9.40286
157484,1.84489,0.68135,9.46469
157534,1.86823,0.71555,9.43358
157585,1.89276,0.67439,9.44073
157635,1.84375,0.69194,9.41792
157685,1.86604,0.68823,9.47920
157735,1.72755,0.70013,7.58922
157785,1.87114,0.70198,9.37332
157836,1.89407,0.71146,9.53761
