time,lx
47,40.00000
96,26.00000
147,26.00000
196,26.00000
247,26.00000
297,30.00000
347,30.00000
398,30.00000
446,30.00000
497,30.00000
546,30.00000
597,30.00000
646,30.00000
697,1273.00000
746,1273.00000
796,1273.00000
846,1273.00000
896,4086.00000
950,4086.00000
996,4086.00000
1045,4086.00000
1095,4086.00000
1146,4047.00000
1197,4047.00000
1247,4047.00000
1296,4047.00000
1346,3975.00000
1396,3975.00000
1446,3975.00000
1496,3975.00000
1547,3839.00000
1597,3839.00000
1646,3839.00000
1697,3839.00000
1746,3665.00000
1797,3665.00000
1846,3665.00000
1896,3665.00000
1957,3665.00000
1997,3730.00000
2046,3730.00000
2098,3730.00000
2147,3730.00000
2198,3730.00000
2247,3730.00000
2298,3634.00000
2347,3634.00000
2397,3634.00000
2446,3634.00000
2501,3438.00000
2546,3438.00000
2602,3438.00000
2647,3438.00000
2700,3248.00000
2748,3248.00000
2797,3248.00000
2847,3248.00000
2900,3190.00000
2958,3190.00000
2995,3190.00000
3046,3190.00000
3096,3060.00000
3146,3060.00000
3198,3060.00000
3246,3060.00000
3297,2929.00000
3347,2929.00000
3398,2929.00000
3446,2929.00000
3496,2980.00000
3546,2980.00000
3597,2980.00000
3646,2980.00000
3697,2955.00000
3746,2955.00000
3798,2955.00000
3847,2955.00000
3898,2830.00000
3959,2830.00000
3997,2830.00000
4046,2830.00000
4097,2872.00000
4147,2872.00000
4197,2872.00000
4247,2872.00000
4297,3201.00000
4347,3201.00000
4397,3201.00000
4446,3201.00000
4498,3210.00000
4547,3210.00000
4597,3210.00000
4647,3210.00000
4697,3112.00000
4746,3112.00000
4798,3112.00000
4847,3112.00000
4897,2982.00000
4957,2982.00000
4997,2982.00000
5047,2982.00000
5097,2982.00000
5147,2929.00000
5197,2929.00000
5248,2929.00000
5297,2929.00000
5346,2843.00000
5397,2843.00000
5448,2843.00000
5498,2843.00000
5548,2782.00000
5598,2782.00000
5646,2782.00000
5699,2782.00000
5749,2782.00000
5796,2884.00000
5846,2884.00000
5897,2884.00000
5951,2708.00000
6004,2708.00000
6046,2708.00000
6097,2708.00000
6148,2708.00000
6198,2363.00000
6247,2363.00000
6298,2363.00000
6348,2316.00000
6396,2316.00000
6447,2316.00000
6497,2316.00000
6546,2187.00000
6597,2187.00000
6646,2187.00000
6697,2187.00000
6746,2018.00000
6796,2018.00000
6847,2018.00000
6897,2018.00000
6947,1794.00000
6995,1794.00000
7048,1794.00000
7096,1794.00000
7146,1701.00000
7198,1701.00000
7248,1701.00000
7299,1701.00000
7347,1514.00000
7397,1514.00000
7448,1514.00000
7499,1514.00000
7546,1599.00000
7600,1599.00000
7648,1599.00000
7697,1599.00000
7747,1599.00000
7797,1661.00000
7848,1661.00000
7898,1661.00000
7947,1834.00000
7997,1834.00000
8049,1834.00000
8096,1834.00000
8147,2043.00000
8198,2043.00000
8248,2043.00000
8297,2043.00000
8351,2411.00000
8398,2411.00000
8448,2411.00000
8496,2411.00000
8547,2785.00000
8596,2785.00000
8646,2785.00000
8698,2785.00000
8748,2876.00000
8796,2876.00000
8846,2876.00000
8896,2876.00000
8947,2854.00000
8997,2854.00000
9049,2854.00000
9096,2854.00000
9147,2780.00000
9196,2780.00000
9247,2780.00000
9297,2780.00000
9347,2566.00000
9396,2566.00000
9446,2566.00000
9499,2566.00000
9546,2160.00000
9597,2160.00000
9646,2160.00000
9698,2160.00000
9747,1992.00000
9797,1992.00000
9847,1992.00000
9897,1992.00000
9946,1821.00000
9998,1821.00000
10064,1821.00000
10099,1821.00000
10146,1640.00000
10198,1640.00000
10247,1640.00000
10297,1640.00000
10350,1723.00000
10397,1723.00000
10447,1723.00000
10497,1723.00000
10547,1723.00000
10599,1683.00000
10647,1683.00000
10698,1683.00000
10747,1683.00000
10798,1476.00000
10848,1476.00000
10897,1476.00000
10949,1262.00000
10998,1262.00000
11046,1262.00000
11102,1262.00000
11146,1262.00000
11197,1106.00000
11247,1106.00000
11298,1106.00000
11346,1106.00000
11399,937.00000
11447,937.00000
11496,937.00000
11546,868.00000
11596,868.00000
11647,868.00000
11697,868.00000
11747,908.00000
11796,908.00000
11846,908.00000
11899,908.00000
11947,1011.00000
11997,1011.00000
12047,1011.00000
12103,1011.00000
12150,1011.00000
12197,1245.00000
12246,1245.00000
12297,1245.00000
12348,1245.00000
12397,1341.00000
12446,1341.00000
12499,1341.00000
12548,1341.00000
12598,1326.00000
12647,1326.00000
12696,1326.00000
12747,1302.00000
12797,1302.00000
12846,1302.00000
12898,1302.00000
12947,1269.00000
12997,1269.00000
13047,1269.00000
13096,1269.00000
13159,1269.00000
13195,1322.00000
13248,1322.00000
13296,1322.00000
13349,1322.00000
13397,1268.00000
13446,1268.00000
13497,1268.00000
13546,1164.00000
13598,1164.00000
13646,1164.00000
13697,1164.00000
13747,1164.00000
13797,1039.00000
13847,1039.00000
13897,1039.00000
13949,925.00000
13998,925.00000
14047,925.00000
14098,925.00000
14151,846.00000
14197,846.00000
14246,846.00000
14298,846.00000
14347,846.00000
14398,787.00000
14446,787.00000
14496,787.00000
14546,787.00000
14597,770.00000
14647,770.00000
14698,770.00000
14747,789.00000
14798,789.00000
14848,789.00000
14899,789.00000
14947,789.00000
14998,789.00000
15048,811.00000
15097,811.00000
15147,811.00000
15206,811.00000
15246,811.00000
15296,836.00000
15346,836.00000
15398,836.00000
15448,847.00000
15496,847.00000
15547,847.00000
15597,847.00000
15647,921.00000
15696,921.00000
15747,921.00000
15797,921.00000
15847,1063.00000
15897,1063.00000
15947,1063.00000
15997,1063.00000
16047,1240.00000
16098,1240.00000
16147,1240.00000
16201,1240.00000
16245,1530.00000
16297,1530.00000
16346,1530.00000
16397,1530.00000
16447,1536.00000
16495,1536.00000
16547,1536.00000
16597,1536.00000
16646,2059.00000
16697,2059.00000
16746,2059.00000
16797,2059.00000
16847,2464.00000
16897,2464.00000
16946,2464.00000
16997,2464.00000
17049,2582.00000
17098,2582.00000
17146,2582.00000
17196,2582.00000
17255,2817.00000
17296,2817.00000
17346,2817.00000
17396,2817.00000
17446,2974.00000
17496,2974.00000
17546,2974.00000
17596,2974.00000
17646,3068.00000
17697,3068.00000
17747,3068.00000
17796,3068.00000
17846,3202.00000
17897,3202.00000
17946,3202.00000
17998,3202.00000
18047,3333.00000
18097,3333.00000
18148,3333.00000
18198,3333.00000
18250,3378.00000
18296,3378.00000
18346,3378.00000
18397,3378.00000
18445,3414.00000
18496,3414.00000
18547,3414.00000
18598,3414.00000
18648,3512.00000
18697,3512.00000
18746,3512.00000
18797,3512.00000
18847,3541.00000
18898,3541.00000
18947,3541.00000
18998,3541.00000
19047,3541.00000
19097,3541.00000
19147,3541.00000
19197,3541.00000
19257,3588.00000
19296,3588.00000
19346,3588.00000
19398,3588.00000
19446,3549.00000
19498,3549.00000
19547,3549.00000
19597,3549.00000
19648,3517.00000
19698,3517.00000
19748,3517.00000
19797,3517.00000
19846,3517.00000
19898,3517.00000
19946,3517.00000
19997,3548.00000
20047,3548.00000
20098,3548.00000
20148,3548.00000
20198,3548.00000
20251,3548.00000
20296,3490.00000
20346,3490.00000
20396,3490.00000
20446,3490.00000
20496,3618.00000
20547,3618.00000
20597,3618.00000
20647,3618.00000
20698,3845.00000
20747,3845.00000
20796,3845.00000
20846,3845.00000
20896,3874.00000
20946,3874.00000
20998,3874.00000
21047,3874.00000
21099,3727.00000
21147,3727.00000
21197,3727.00000
21247,3727.00000
21312,3599.00000
21346,3599.00000
21396,3599.00000
21446,3599.00000
21498,3548.00000
21546,3548.00000
21598,3548.00000
21647,3548.00000
21698,3314.00000
21746,3314.00000
21800,3314.00000
21847,3314.00000
21896,3074.00000
21946,3074.00000
21998,3074.00000
22046,3074.00000
22097,2850.00000
22147,2850.00000
22197,2850.00000
22248,2850.00000
22301,2999.00000
22346,2999.00000
22396,2999.00000
22446,2999.00000
22497,3378.00000
22546,3378.00000
22596,3378.00000
22646,3378.00000
22697,4034.00000
22747,4034.00000
22797,4034.00000
22847,4034.00000
22897,4556.00000
22947,4556.00000
22998,4556.00000
23046,4556.00000
23098,4296.00000
23147,4296.00000
23197,4296.00000
23246,4296.00000
23314,3995.00000
23346,3995.00000
23397,3995.00000
23447,3995.00000
23497,3722.00000
23547,3722.00000
23600,3722.00000
23646,3722.00000
23698,3611.00000
23748,3611.00000
23797,3611.00000
23846,3611.00000
23898,3501.00000
23947,3501.00000
23996,3501.00000
24046,3501.00000
24097,3367.00000
24147,3367.00000
24198,3367.00000
24247,3367.00000
24300,2886.00000
24346,2886.00000
24396,2886.00000
24446,2886.00000
24497,2146.00000
24547,2146.00000
24597,2146.00000
24646,2146.00000
24697,1838.00000
24748,1838.00000
24796,1838.00000
24848,1838.00000
24898,1817.00000
24948,1817.00000
24998,1817.00000
25047,1817.00000
25097,1817.00000
25147,1990.00000
25197,1990.00000
25247,1990.00000
25298,1990.00000
25351,2292.00000
25396,2292.00000
25446,2292.00000
25499,2292.00000
25548,2712.00000
25596,2712.00000
25647,2712.00000
25697,2712.00000
25747,3075.00000
25798,3075.00000
25846,3075.00000
25898,3075.00000
25947,3389.00000
25997,3389.00000
26047,3389.00000
26097,3389.00000
26148,3914.00000
26199,3914.00000
26247,3914.00000
26297,3914.00000
26348,4126.00000
26396,4126.00000
26446,4126.00000
26497,4126.00000
26548,3795.00000
26597,3795.00000
26646,3795.00000
26697,3795.00000
26746,3576.00000
26797,3576.00000
26847,3576.00000
26898,3576.00000
26946,3539.00000
26996,3539.00000
27046,3539.00000
27096,3539.00000
27146,3490.00000
27196,3490.00000
27247,3490.00000
27296,3490.00000
27350,3447.00000
27396,3447.00000
27446,3447.00000
27498,3447.00000
27546,3503.00000
27597,3503.00000
27646,3503.00000
27695,3503.00000
27746,3472.00000
27797,3472.00000
27848,3472.00000
27897,3472.00000
27946,3472.00000
27998,3472.00000
28048,3472.00000
28097,3472.00000
28147,3472.00000
28199,3442.00000
28247,3442.00000
28300,3442.00000
28367,3442.00000
28398,3442.00000
28446,3442.00000
28496,3407.00000
28546,3407.00000
28596,3407.00000
28646,3407.00000
28696,3378.00000
28746,3378.00000
28800,3378.00000
28847,3378.00000
28898,3378.00000
28946,3325.00000
28998,3325.00000
29047,3325.00000
29097,3325.00000
29147,3325.00000
29198,3325.00000
29247,3367.00000
29296,3367.00000
29346,3367.00000
29404,3367.00000
29446,3399.00000
29497,3399.00000
29546,3399.00000
29598,3399.00000
29648,3427.00000
29697,3427.00000
29747,3427.00000
29798,3427.00000
29847,3259.00000
29896,3259.00000
29947,3259.00000
29997,3259.00000
30047,3115.00000
30097,3115.00000
30146,3115.00000
30197,3115.00000
30247,2936.00000
30296,2936.00000
30347,2936.00000
30401,2936.00000
30447,2567.00000
30497,2567.00000
30547,2567.00000
30597,2567.00000
30647,2068.00000
30697,2068.00000
30747,2068.00000
30797,2068.00000
30846,1692.00000
30897,1692.00000
30946,1692.00000
30998,1692.00000
31047,1585.00000
31098,1585.00000
31147,1585.00000
31198,1585.00000
31246,1533.00000
31299,1533.00000
31348,1533.00000
31399,1533.00000
31451,1388.00000
31496,1388.00000
31546,1388.00000
31598,1388.00000
31647,1346.00000
31697,1346.00000
31747,1346.00000
31796,1346.00000
31846,1333.00000
31897,1333.00000
31947,1333.00000
31997,1333.00000
32046,1365.00000
32099,1365.00000
32150,1365.00000
32196,1365.00000
32248,1405.00000
32298,1405.00000
32347,1405.00000
32396,1405.00000
32449,1405.00000
32495,1405.00000
32546,1423.00000
32597,1423.00000
32647,1423.00000
32697,1423.00000
32746,1437.00000
32797,1437.00000
32847,1437.00000
32897,1437.00000
32947,1456.00000
32997,1456.00000
33047,1456.00000
33097,1456.00000
33148,1535.00000
33197,1535.00000
33246,1535.00000
33298,1535.00000
33347,1423.00000
33396,1423.00000
33446,1423.00000
33503,1423.00000
33546,1756.00000
33597,1756.00000
33646,1756.00000
33698,1756.00000
33747,1585.00000
33798,1585.00000
33847,1585.00000
33897,1585.00000
33947,1487.00000
33998,1487.00000
34048,1487.00000
34097,1487.00000
34149,1405.00000
34197,1405.00000
34247,1405.00000
34298,1405.00000
34347,1212.00000
34397,1212.00000
34446,1212.00000
34496,1212.00000
34549,989.00000
34596,989.00000
34646,989.00000
34699,989.00000
34747,917.00000
34797,917.00000
34848,917.00000
34897,917.00000
34946,895.00000
34997,895.00000
35047,895.00000
35098,895.00000
35146,849.00000
35198,849.00000
35248,849.00000
35297,849.00000
35347,752.00000
35397,752.00000
35446,752.00000
35496,752.00000
35551,1005.00000
35596,1005.00000
35646,1005.00000
35696,1005.00000
35746,1014.00000
35796,1014.00000
35847,1014.00000
35897,1014.00000
35947,928.00000
35997,928.00000
36046,928.00000
36096,928.00000
36146,914.00000
36196,914.00000
36246,914.00000
36296,914.00000
36345,965.00000
36396,965.00000
36446,965.00000
36496,965.00000
36548,951.00000
36599,951.00000
36646,951.00000
36696,951.00000
36747,1029.00000
36796,1029.00000
36847,1029.00000
36896,1029.00000
36946,959.00000
36997,959.00000
37046,959.00000
37096,959.00000
37146,1108.00000
37199,1108.00000
37248,1108.00000
37296,1108.00000
37346,1268.00000
37397,1268.00000
37446,1268.00000
37499,1268.00000
37548,1216.00000
37603,1216.00000
37647,1216.00000
37696,1216.00000
37747,1051.00000
37796,1051.00000
37846,1051.00000
37897,1051.00000
37946,1088.00000
37997,1088.00000
38046,1088.00000
38096,1088.00000
38146,1278.00000
38197,1278.00000
38247,1278.00000
38298,1278.00000
38346,1590.00000
38396,1590.00000
38446,1590.00000
38496,1590.00000
38546,1848.00000
38599,1848.00000
38646,1848.00000
38696,1848.00000
38746,2146.00000
38798,2146.00000
38846,2146.00000
38896,2146.00000
38946,2401.00000
38998,2401.00000
39046,2401.00000
39097,2401.00000
39147,2674.00000
39197,2674.00000
39248,2674.00000
39298,2674.00000
39348,2857.00000
39396,2857.00000
39446,2857.00000
39498,2857.00000
39547,2857.00000
39610,2857.00000
39646,2815.00000
39698,2815.00000
39747,2815.00000
39798,2815.00000
39848,2757.00000
39898,2757.00000
39947,2757.00000
39997,2757.00000
40047,2539.00000
40099,2539.00000
40147,2539.00000
40197,2539.00000
40247,2524.00000
40297,2524.00000
40347,2524.00000
40397,2524.00000
40447,2671.00000
40497,2671.00000
40546,2671.00000
40596,2671.00000
40648,2712.00000
40696,2712.00000
40746,2712.00000
40797,2712.00000
40847,2509.00000
40899,2509.00000
40947,2509.00000
40996,2509.00000
41047,2455.00000
41097,2455.00000
41147,2455.00000
41196,2455.00000
41247,2451.00000
41297,2451.00000
41348,2451.00000
41397,2451.00000
41446,2449.00000
41497,2449.00000
41546,2449.00000
41596,2449.00000
41650,2290.00000
41696,2290.00000
41746,2290.00000
41798,2290.00000
41847,2111.00000
41897,2111.00000
41947,2111.00000
41997,2111.00000
42049,2457.00000
42097,2457.00000
42146,2457.00000
42196,2457.00000
42248,2590.00000
42297,2590.00000
42346,2590.00000
42398,2590.00000
42446,2526.00000
42497,2526.00000
42547,2526.00000
42598,2526.00000
42655,2715.00000
42696,2715.00000
42746,2715.00000
42796,2715.00000
42846,2763.00000
42897,2763.00000
42947,2763.00000
42997,2763.00000
43047,2535.00000
43098,2535.00000
43146,2535.00000
43196,2535.00000
43246,2419.00000
43297,2419.00000
43347,2419.00000
43397,2419.00000
43446,2637.00000
43497,2637.00000
43548,2637.00000
43597,2637.00000
43647,2818.00000
43701,2818.00000
43745,2818.00000
43796,2818.00000
43847,2818.00000
43898,2818.00000
43947,2846.00000
43997,2846.00000
44048,2846.00000
44098,2846.00000
44147,2774.00000
44197,2774.00000
44246,2774.00000
44297,2774.00000
44346,2653.00000
44397,2653.00000
44446,2653.00000
44497,2653.00000
44547,2474.00000
44596,2474.00000
44646,2474.00000
44702,2474.00000
44746,2201.00000
44796,2201.00000
44847,2201.00000
44897,2201.00000
44947,1953.00000
44997,1953.00000
45046,1953.00000
45102,1953.00000
45147,1631.00000
45197,1631.00000
45247,1631.00000
45298,1631.00000
45348,1407.00000
45398,1407.00000
45447,1407.00000
45497,1407.00000
45547,1243.00000
45599,1243.00000
45646,1243.00000
45697,1243.00000
45755,1083.00000
45799,1083.00000
45846,1083.00000
45896,1083.00000
45948,977.00000
45998,977.00000
46047,977.00000
46097,977.00000
46146,928.00000
46198,928.00000
46251,928.00000
46296,928.00000
46347,854.00000
46397,854.00000
46447,854.00000
46498,854.00000
46546,796.00000
46598,796.00000
46647,796.00000
46698,796.00000
46750,861.00000
46796,861.00000
46846,861.00000
46898,861.00000
46948,1061.00000
46997,1061.00000
47046,1061.00000
47097,1061.00000
47147,1333.00000
47197,1333.00000
47247,1333.00000
47296,1333.00000
47346,2063.00000
47397,2063.00000
47446,2063.00000
47496,2063.00000
47546,2076.00000
47598,2076.00000
47648,2076.00000
47698,2076.00000
47755,2170.00000
47796,2170.00000
47847,2170.00000
47897,2170.00000
47946,2332.00000
47997,2332.00000
48046,2332.00000
48098,2332.00000
48146,2474.00000
48198,2474.00000
48247,2474.00000
48297,2474.00000
48347,2681.00000
48396,2681.00000
48446,2681.00000
48496,2681.00000
48546,2652.00000
48596,2652.00000
48647,2652.00000
48697,2652.00000
48752,2745.00000
48796,2745.00000
48846,2745.00000
48897,2745.00000
48948,2721.00000
48996,2721.00000
49046,2721.00000
49098,2721.00000
49147,2513.00000
49196,2513.00000
49246,2513.00000
49298,2513.00000
49347,2513.00000
49396,2470.00000
49447,2470.00000
49498,2470.00000
49547,2470.00000
49598,2430.00000
49646,2430.00000
49697,2430.00000
49752,2430.00000
49796,2384.00000
49847,2384.00000
49896,2384.00000
49947,2384.00000
49997,2386.00000
50046,2386.00000
50097,2386.00000
50147,2386.00000
50196,2383.00000
50248,2383.00000
50298,2383.00000
50348,2383.00000
50401,1981.00000
50446,1981.00000
50497,1981.00000
50546,1981.00000
50596,1977.00000
50646,1977.00000
50696,1977.00000
50750,1977.00000
50796,2049.00000
50846,2049.00000
50897,2049.00000
50947,2049.00000
50998,1971.00000
51047,1971.00000
51099,1971.00000
51147,1971.00000
51197,2133.00000
51246,2133.00000
51297,2133.00000
51348,2133.00000
51397,2057.00000
51447,2057.00000
51497,2057.00000
51548,2057.00000
51597,2022.00000
51646,2022.00000
51698,2022.00000
51756,2022.00000
51796,1875.00000
51846,1875.00000
51897,1875.00000
51947,1875.00000
51997,1834.00000
52048,1834.00000
52098,1834.00000
52146,1834.00000
52198,1383.00000
52246,1383.00000
52298,1383.00000
52347,1383.00000
52396,946.00000
52448,946.00000
52497,946.00000
52547,946.00000
52598,790.00000
52647,790.00000
52697,790.00000
52747,790.00000
52809,547.00000
52846,547.00000
52897,547.00000
52946,547.00000
52997,475.00000
53046,475.00000
53099,475.00000
53147,475.00000
53198,302.00000
53249,302.00000
53296,302.00000
53346,302.00000
53397,273.00000
53446,273.00000
53498,273.00000
53547,273.00000
53597,339.00000
53647,339.00000
53698,339.00000
53746,339.00000
53796,497.00000
53852,497.00000
53896,497.00000
53946,497.00000
53997,968.00000
54046,968.00000
54096,968.00000
54146,968.00000
54197,1088.00000
54246,1088.00000
54298,1088.00000
54347,1088.00000
54396,1160.00000
54448,1160.00000
54498,1160.00000
54547,1160.00000
54598,1525.00000
54650,1525.00000
54696,1525.00000
54746,1525.00000
54798,1511.00000
54853,1511.00000
54896,1511.00000
54946,1511.00000
54997,1831.00000
55047,1831.00000
55098,1831.00000
55147,1831.00000
55196,1772.00000
55248,1772.00000
55297,1772.00000
55346,1772.00000
55396,1772.00000
55446,1772.00000
55497,1635.00000
55546,1635.00000
55597,1635.00000
55646,1635.00000
55697,1617.00000
55747,1617.00000
55797,1617.00000
55847,1617.00000
55903,1647.00000
55946,1647.00000
55996,1647.00000
56046,1647.00000
56097,1619.00000
56148,1619.00000
56197,1619.00000
56248,1619.00000
56297,1587.00000
56347,1587.00000
56399,1587.00000
56447,1587.00000
56496,1583.00000
56548,1583.00000
56599,1583.00000
56646,1583.00000
56698,1565.00000
56747,1565.00000
56797,1565.00000
56848,1565.00000
56903,1483.00000
56946,1483.00000
56996,1483.00000
57047,1483.00000
57097,1392.00000
57146,1392.00000
57197,1392.00000
57246,1392.00000
57297,1239.00000
57348,1239.00000
57398,1239.00000
57447,1239.00000
57496,1183.00000
57547,1183.00000
57597,1183.00000
57648,1183.00000
57697,1321.00000
57746,1321.00000
57797,1321.00000
57848,1321.00000
57902,1420.00000
57946,1420.00000
57997,1420.00000
58046,1420.00000
58098,1514.00000
58147,1514.00000
58196,1514.00000
58246,1514.00000
58298,1348.00000
58348,1348.00000
58397,1348.00000
58446,1348.00000
58496,1037.00000
58549,1037.00000
58597,1037.00000
58648,1037.00000
58697,1060.00000
58747,1060.00000
58797,1060.00000
58847,1060.00000
58897,1391.00000
58953,1391.00000
58996,1391.00000
59046,1391.00000
59098,1491.00000
59148,1491.00000
59197,1491.00000
59247,1491.00000
59298,1335.00000
59347,1335.00000
59398,1335.00000
59446,1335.00000
59497,1321.00000
59547,1321.00000
59597,1321.00000
59650,1321.00000
59696,1426.00000
59747,1426.00000
59797,1426.00000
59849,1426.00000
59897,1498.00000
59953,1498.00000
59996,1498.00000
60047,1498.00000
60098,1561.00000
60147,1561.00000
60199,1561.00000
60247,1561.00000
60298,1597.00000
60348,1597.00000
60396,1597.00000
60446,1597.00000
60498,1660.00000
60546,1660.00000
60598,1660.00000
60646,1660.00000
60697,1864.00000
60747,1864.00000
60797,1864.00000
60846,1864.00000
60898,1800.00000
60951,1800.00000
60997,1800.00000
61046,1800.00000
61096,1596.00000
61147,1596.00000
61199,1596.00000
61247,1596.00000
61298,1553.00000
61347,1553.00000
61396,1553.00000
61448,1553.00000
61497,1659.00000
61547,1659.00000
61598,1659.00000
61647,1659.00000
61697,1772.00000
61746,1772.00000
61797,1772.00000
61850,1772.00000
61898,1748.00000
61951,1748.00000
61996,1748.00000
62047,1748.00000
62096,1505.00000
62147,1505.00000
62198,1505.00000
62248,1505.00000
62297,1268.00000
62347,1268.00000
62398,1268.00000
62446,1268.00000
62497,1262.00000
62546,1262.00000
62598,1262.00000
62648,1262.00000
62698,1295.00000
62747,1295.00000
62799,1295.00000
62847,1295.00000
62897,1205.00000
62954,1205.00000
62997,1205.00000
63046,1205.00000
63096,991.00000
63147,991.00000
63197,991.00000
63246,991.00000
63298,806.00000
63347,806.00000
63398,806.00000
63446,806.00000
63497,649.00000
63547,649.00000
63597,649.00000
63647,649.00000
63697,763.00000
63747,763.00000
63798,763.00000
63846,763.00000
63897,1005.00000
63947,1005.00000
64006,1005.00000
64047,1005.00000
64097,868.00000
64147,868.00000
64198,868.00000
64248,868.00000
64297,939.00000
64346,939.00000
64396,939.00000
64447,939.00000
64498,879.00000
64548,879.00000
64597,879.00000
64649,879.00000
64697,870.00000
64747,870.00000
64797,870.00000
64847,870.00000
64900,1114.00000
64947,1114.00000
65002,1114.00000
65047,1114.00000
65098,1152.00000
65147,1152.00000
65197,1152.00000
65246,1152.00000
65297,1505.00000
65347,1505.00000
65406,1505.00000
65446,1505.00000
65496,1714.00000
65546,1714.00000
65597,1714.00000
65647,1714.00000
65697,1574.00000
65746,1574.00000
65798,1574.00000
65846,1574.00000
65896,1834.00000
65947,1834.00000
65997,1834.00000
66049,1834.00000
66096,2411.00000
66146,2411.00000
66200,2411.00000
66248,2411.00000
66297,2476.00000
66346,2476.00000
66399,2476.00000
66446,2476.00000
66496,1561.00000
66546,1561.00000
66596,1561.00000
66646,1561.00000
66698,1085.00000
66746,1085.00000
66797,1085.00000
66847,1085.00000
66897,1115.00000
66947,1115.00000
66999,1115.00000
67049,1115.00000
67096,1272.00000
67146,1272.00000
67198,1272.00000
67248,1272.00000
67298,808.00000
67348,808.00000
67398,808.00000
67446,808.00000
67497,640.00000
67546,640.00000
67598,640.00000
67647,640.00000
67697,688.00000
67748,688.00000
67797,688.00000
67847,688.00000
67897,829.00000
67947,829.00000
67999,829.00000
68067,829.00000
68096,887.00000
68146,887.00000
68198,887.00000
68246,887.00000
68298,932.00000
68347,932.00000
68397,932.00000
68447,932.00000
68499,1009.00000
68546,1009.00000
68596,1009.00000
68647,1009.00000
68697,1084.00000
68747,1084.00000
68797,1084.00000
68846,1084.00000
68897,1172.00000
68946,1172.00000
68998,1172.00000
69063,1172.00000
69096,1304.00000
69146,1304.00000
69198,1304.00000
69246,1304.00000
69297,1363.00000
69349,1363.00000
69396,1363.00000
69446,1363.00000
69498,1365.00000
69547,1365.00000
69597,1365.00000
69647,1365.00000
69698,1295.00000
69746,1295.00000
69800,1295.00000
69846,1295.00000
69898,1232.00000
69948,1232.00000
69996,1232.00000
70046,1232.00000
70107,1160.00000
70146,1160.00000
70198,1160.00000
70247,1160.00000
70297,1287.00000
70346,1287.00000
70397,1287.00000
70446,1287.00000
70496,1254.00000
70547,1254.00000
70598,1254.00000
70648,1254.00000
70698,1229.00000
70747,1229.00000
70798,1229.00000
70846,1229.00000
70896,1215.00000
70948,1215.00000
70998,1215.00000
71046,1215.00000
71112,1227.00000
71146,1227.00000
71197,1227.00000
71246,1227.00000
71297,1295.00000
71350,1295.00000
71396,1295.00000
71446,1295.00000
71497,1267.00000
71548,1267.00000
71596,1267.00000
71647,1267.00000
71698,1179.00000
71746,1179.00000
71796,1179.00000
71847,1179.00000
71897,1039.00000
71946,1039.00000
71997,1039.00000
72047,1039.00000
72097,966.00000
72150,966.00000
72196,966.00000
72246,966.00000
72297,917.00000
72347,917.00000
72397,917.00000
72446,917.00000
72497,809.00000
72546,809.00000
72596,809.00000
72646,809.00000
72697,651.00000
72746,651.00000
72796,651.00000
72848,651.00000
72897,545.00000
72947,545.00000
72998,545.00000
73047,545.00000
73098,545.00000
73153,545.00000
73196,545.00000
73246,545.00000
73298,370.00000
73346,370.00000
73399,370.00000
73446,370.00000
73498,351.00000
73547,351.00000
73597,351.00000
73648,351.00000
73697,353.00000
73747,353.00000
73796,353.00000
73846,353.00000
73896,267.00000
73947,267.00000
73997,267.00000
74047,267.00000
74097,235.00000
74150,235.00000
74196,235.00000
74246,235.00000
74296,284.00000
74347,284.00000
74398,284.00000
74446,284.00000
74498,291.00000
74546,291.00000
74596,291.00000
74646,291.00000
74697,270.00000
74748,270.00000
74797,270.00000
74846,270.00000
74898,304.00000
74946,304.00000
74996,304.00000
75046,304.00000
75096,364.00000
75150,364.00000
75197,364.00000
75247,364.00000
75298,483.00000
75347,483.00000
75396,483.00000
75446,483.00000
75499,539.00000
75546,539.00000
75597,539.00000
75648,539.00000
75698,616.00000
75747,616.00000
75797,616.00000
75846,616.00000
75897,647.00000
75949,647.00000
75997,647.00000
76046,647.00000
76098,670.00000
76151,670.00000
76197,670.00000
76246,670.00000
76296,720.00000
76347,720.00000
76397,720.00000
76447,720.00000
76498,796.00000
76548,796.00000
76597,796.00000
76648,796.00000
76698,861.00000
76746,861.00000
76797,861.00000
76847,861.00000
76897,914.00000
76946,914.00000
76998,914.00000
77048,914.00000
77097,921.00000
77147,921.00000
77203,921.00000
77246,921.00000
77297,935.00000
77346,935.00000
77396,935.00000
77447,935.00000
77496,981.00000
77549,981.00000
77600,981.00000
77646,981.00000
77697,1044.00000
77747,1044.00000
77795,1044.00000
77846,1044.00000
77896,1127.00000
77948,1127.00000
77996,1127.00000
78046,1127.00000
78096,1233.00000
78146,1233.00000
78198,1233.00000
78246,1233.00000
78296,1339.00000
78346,1339.00000
78396,1339.00000
78446,1339.00000
78496,1516.00000
78547,1516.00000
78597,1516.00000
78647,1516.00000
78698,1785.00000
78747,1785.00000
78799,1785.00000
78848,1785.00000
78897,1898.00000
78946,1898.00000
78998,1898.00000
79047,1898.00000
79096,1964.00000
79149,1964.00000
79206,1964.00000
79246,1964.00000
79296,1772.00000
79347,1772.00000
79396,1772.00000
79446,1772.00000
79496,1159.00000
79547,1159.00000
79596,1159.00000
79646,1159.00000
79697,688.00000
79749,688.00000
79796,688.00000
79847,688.00000
79897,411.00000
79947,411.00000
79996,411.00000
80047,411.00000
80098,220.00000
80146,220.00000
80210,220.00000
80246,220.00000
80297,266.00000
80346,266.00000
80396,266.00000
80447,266.00000
80497,491.00000
80547,491.00000
80597,491.00000
80647,491.00000
80697,543.00000
80748,543.00000
80797,543.00000
80847,543.00000
80897,569.00000
80946,569.00000
80998,569.00000
81048,569.00000
81097,710.00000
81148,710.00000
81197,710.00000
81258,710.00000
81297,931.00000
81346,931.00000
81397,931.00000
81445,931.00000
81496,1275.00000
81546,1275.00000
81597,1275.00000
81648,1275.00000
81698,1606.00000
81747,1606.00000
81797,1606.00000
81846,1606.00000
81897,1861.00000
81947,1861.00000
81998,1861.00000
82046,1861.00000
82097,2001.00000
82147,2001.00000
82197,2001.00000
82246,2001.00000
82301,2018.00000
82346,2018.00000
82396,2018.00000
82446,2018.00000
82496,2018.00000
82547,1987.00000
82596,1987.00000
82647,1987.00000
82697,1987.00000
82747,1884.00000
82797,1884.00000
82848,1884.00000
82897,1884.00000
82946,1405.00000
82997,1405.00000
83047,1405.00000
83096,1405.00000
83146,1972.00000
83196,1972.00000
83248,1972.00000
83309,1972.00000
83347,2806.00000
83396,2806.00000
83447,2806.00000
83498,2806.00000
83547,2937.00000
83596,2937.00000
83646,2937.00000
83698,2937.00000
83748,2824.00000
83797,2824.00000
83847,2824.00000
83898,2824.00000
83947,2704.00000
83998,2704.00000
84047,2704.00000
84098,2704.00000
84148,2612.00000
84199,2612.00000
84247,2612.00000
84306,2612.00000
84346,2597.00000
84396,2597.00000
84447,2597.00000
84496,2597.00000
84548,2115.00000
84598,2115.00000
84647,2115.00000
84697,2115.00000
84747,1857.00000
84797,1857.00000
84846,1857.00000
84897,1857.00000
84947,1917.00000
84998,1917.00000
85046,1917.00000
85097,1917.00000
85147,1818.00000
85197,1818.00000
85247,1818.00000
85306,1818.00000
85347,1875.00000
85396,1875.00000
85446,1875.00000
85497,1875.00000
85546,1935.00000
85598,1935.00000
85647,1935.00000
85696,1935.00000
85747,2030.00000
85797,2030.00000
85847,2030.00000
85899,2030.00000
85946,2080.00000
85998,2080.00000
86046,2080.00000
86096,2080.00000
86146,2080.00000
86197,2080.00000
86246,2105.00000
86298,2105.00000
86351,2105.00000
86395,2105.00000
86446,2138.00000
86496,2138.00000
86546,2138.00000
86598,2138.00000
86648,2183.00000
86697,2183.00000
86747,2183.00000
86798,2183.00000
86847,2187.00000
86898,2187.00000
86948,2187.00000
87001,2187.00000
87047,2127.00000
87098,2127.00000
87147,2127.00000
87197,2127.00000
87247,2125.00000
87296,2125.00000
87346,2125.00000
87413,2125.00000
87446,1905.00000
87497,1905.00000
87546,1905.00000
87597,1905.00000
87648,1746.00000
87700,1746.00000
87746,1746.00000
87797,1746.00000
87848,1692.00000
87898,1692.00000
87947,1692.00000
87999,1692.00000
88046,1868.00000
88098,1868.00000
88148,1868.00000
88198,1868.00000
88248,1964.00000
88297,1964.00000
88346,1964.00000
88396,1964.00000
88453,1978.00000
88495,1978.00000
88546,1978.00000
88595,1978.00000
88646,1947.00000
88697,1947.00000
88746,1947.00000
88798,1947.00000
88846,1921.00000
88897,1921.00000
88947,1921.00000
88997,1921.00000
89047,1817.00000
89097,1817.00000
89147,1817.00000
89197,1817.00000
89248,1695.00000
89297,1695.00000
89347,1695.00000
89397,1695.00000
89450,1822.00000
89496,1822.00000
89546,1822.00000
89597,1822.00000
89647,1768.00000
89698,1768.00000
89748,1768.00000
89798,1768.00000
89847,1735.00000
89898,1735.00000
89947,1735.00000
89998,1735.00000
90046,1828.00000
90097,1828.00000
90148,1828.00000
90197,1828.00000
90246,1986.00000
90300,1986.00000
90348,1986.00000
90398,1986.00000
90449,2122.00000
90496,2122.00000
90546,2122.00000
90597,2122.00000
90647,1917.00000
90697,1917.00000
90746,1917.00000
90796,1917.00000
90847,1935.00000
90897,1935.00000
90947,1935.00000
90997,1935.00000
91048,2123.00000
91097,2123.00000
91149,2123.00000
91197,2123.00000
91247,2147.00000
91296,2147.00000
91347,2147.00000
91396,2147.00000
91451,2338.00000
91496,2338.00000
91546,2338.00000
91598,2338.00000
91646,2418.00000
91698,2418.00000
91746,2418.00000
91798,2418.00000
91847,2490.00000
91897,2490.00000
91946,2490.00000
91997,2490.00000
92048,2573.00000
92097,2573.00000
92146,2573.00000
92197,2573.00000
92247,2634.00000
92299,2634.00000
92346,2634.00000
92396,2634.00000
92446,2528.00000
92502,2528.00000
92546,2528.00000
92597,2528.00000
92647,2163.00000
92698,2163.00000
92747,2163.00000
92797,2163.00000
92847,2339.00000
92897,2339.00000
92955,2339.00000
92997,2339.00000
93047,2599.00000
93099,2599.00000
93147,2599.00000
93198,2599.00000
93246,2653.00000
93297,2653.00000
93347,2653.00000
93398,2653.00000
93446,2653.00000
93505,2653.00000
93546,2614.00000
93596,2614.00000
93646,2614.00000
93696,2614.00000
93746,2580.00000
93796,2580.00000
93847,2580.00000
93897,2580.00000
93947,2550.00000
93997,2550.00000
94047,2550.00000
94097,2550.00000
94146,2610.00000
94197,2610.00000
94246,2610.00000
94297,2610.00000
94346,2716.00000
94396,2716.00000
94446,2716.00000
94504,2716.00000
94546,2887.00000
94597,2887.00000
94647,2887.00000
94698,2887.00000
94747,3092.00000
94796,3092.00000
94847,3092.00000
94896,3092.00000
94948,3060.00000
94998,3060.00000
95047,3060.00000
95097,3060.00000
95147,2719.00000
95197,2719.00000
95248,2719.00000
95297,2719.00000
95348,2490.00000
95396,2490.00000
95447,2490.00000
95496,2490.00000
95551,2225.00000
95596,2225.00000
95646,2225.00000
95698,2225.00000
95748,2287.00000
95797,2287.00000
95846,2287.00000
95899,2287.00000
95947,2734.00000
95997,2734.00000
96047,2734.00000
96097,2734.00000
96146,2813.00000
96197,2813.00000
96246,2813.00000
96296,2813.00000
96347,2844.00000
96397,2844.00000
96447,2844.00000
96497,2844.00000
96555,2755.00000
96597,2755.00000
96647,2755.00000
96698,2755.00000
96748,2697.00000
96797,2697.00000
96846,2697.00000
96898,2697.00000
96947,2697.00000
96997,2697.00000
97046,2674.00000
97096,2674.00000
97148,2674.00000
97199,2674.00000
97246,2644.00000
97297,2644.00000
97347,2644.00000
97397,2644.00000
97446,2644.00000
97497,2644.00000
97560,2644.00000
97596,2644.00000
97646,2617.00000
97697,2617.00000
97746,2617.00000
97797,2617.00000
97848,2563.00000
97899,2563.00000
97948,2563.00000
97998,2563.00000
98048,2457.00000
98097,2457.00000
98146,2457.00000
98197,2457.00000
98247,2457.00000
98298,2510.00000
98347,2510.00000
98397,2510.00000
98446,2510.00000
98497,2564.00000
98548,2564.00000
98596,2564.00000
98647,2564.00000
98697,2671.00000
98747,2671.00000
98797,2671.00000
98846,2671.00000
98898,2637.00000
98947,2637.00000
98997,2637.00000
99047,2637.00000
99097,2659.00000
99145,2659.00000
99196,2659.00000
99247,2659.00000
99296,2659.00000
99347,2659.00000
99397,2659.00000
99446,2659.00000
99497,2708.00000
99559,2708.00000
99596,2708.00000
99647,2708.00000
99697,2734.00000
99747,2734.00000
99798,2734.00000
99847,2734.00000
99897,2734.00000
99947,2734.00000
99998,2734.00000
100047,2734.00000
100098,2734.00000
100147,2734.00000
100196,2734.00000
100247,2734.00000
100296,2734.00000
100346,2734.00000
100397,2734.00000
100447,2734.00000
100497,2734.00000
100550,2657.00000
100604,2657.00000
100646,2657.00000
100698,2657.00000
100747,2608.00000
100798,2608.00000
100846,2608.00000
100898,2608.00000
100946,2608.00000
100997,2608.00000
101047,2641.00000
101097,2641.00000
101148,2641.00000
101197,2641.00000
101246,2641.00000
101298,2641.00000
101346,2595.00000
101398,2595.00000
101446,2595.00000
101496,2595.00000
101548,2555.00000
101610,2555.00000
101646,2555.00000
101697,2555.00000
101746,2505.00000
101797,2505.00000
101850,2505.00000
101898,2505.00000
101947,2429.00000
101999,2429.00000
102048,2429.00000
102098,2429.00000
102147,2291.00000
102198,2291.00000
102247,2291.00000
102297,2291.00000
102346,2175.00000
102396,2175.00000
102446,2175.00000
102496,2175.00000
102546,2023.00000
102603,2023.00000
102646,2023.00000
102696,2023.00000
102746,1910.00000
102801,1910.00000
102847,1910.00000
102897,1910.00000
102947,1840.00000
102998,1840.00000
103046,1840.00000
103097,1840.00000
103146,1947.00000
103197,1947.00000
103248,1947.00000
103298,1947.00000
103347,2167.00000
103398,2167.00000
103446,2167.00000
103497,2167.00000
103547,2307.00000
103601,2307.00000
103646,2307.00000
103697,2307.00000
103747,2370.00000
103797,2370.00000
103846,2370.00000
103896,2370.00000
103946,2327.00000
103996,2327.00000
104046,2327.00000
104097,2327.00000
104147,2240.00000
104197,2240.00000
104247,2240.00000
104297,2240.00000
104348,2257.00000
104397,2257.00000
104446,2257.00000
104496,2257.00000
104546,2207.00000
104595,2207.00000
104648,2207.00000
104696,2207.00000
104746,1844.00000
104796,1844.00000
104847,1844.00000
104897,1844.00000
104946,1745.00000
104997,1745.00000
105048,1745.00000
105098,1745.00000
105146,1595.00000
105196,1595.00000
105247,1595.00000
105297,1595.00000
105347,1485.00000
105397,1485.00000
105447,1485.00000
105499,1485.00000
105546,1650.00000
105597,1650.00000
105646,1650.00000
105707,1650.00000
105746,1650.00000
105797,1796.00000
105846,1796.00000
105897,1796.00000
105946,1815.00000
105996,1815.00000
106046,1815.00000
106098,1815.00000
106147,1805.00000
106197,1805.00000
106246,1805.00000
106298,1805.00000
106347,1647.00000
106397,1647.00000
106447,1647.00000
106497,1647.00000
106548,1610.00000
106598,1610.00000
106647,1610.00000
106703,1610.00000
106746,1746.00000
106796,1746.00000
106847,1746.00000
106898,1746.00000
106947,2120.00000
106998,2120.00000
107049,2120.00000
107098,2120.00000
107148,2513.00000
107198,2513.00000
107247,2513.00000
107297,2513.00000
107346,2768.00000
107396,2768.00000
107446,2768.00000
107497,2768.00000
107546,2762.00000
107597,2762.00000
107646,2762.00000
107708,2762.00000
107748,2525.00000
107796,2525.00000
107847,2525.00000
107897,2525.00000
107948,2417.00000
107998,2417.00000
108048,2417.00000
108098,2417.00000
108146,2417.00000
108196,2417.00000
108248,2498.00000
108298,2498.00000
108347,2498.00000
108396,2498.00000
108446,2573.00000
108497,2573.00000
108546,2573.00000
108596,2573.00000
108646,2651.00000
108698,2651.00000
108747,2651.00000
108797,2651.00000
108846,2186.00000
108898,2186.00000
108947,2186.00000
108997,2186.00000
109049,1862.00000
109097,1862.00000
109147,1862.00000
109198,1862.00000
109247,1940.00000
109296,1940.00000
109346,1940.00000
109397,1940.00000
109447,1869.00000
109498,1869.00000
109547,1869.00000
109596,1869.00000
109648,1915.00000
109707,1915.00000
109746,1915.00000
109797,1915.00000
109847,2030.00000
109896,2030.00000
109946,2030.00000
109997,2030.00000
110049,1974.00000
110097,1974.00000
110146,1974.00000
110198,1974.00000
110248,1959.00000
110298,1959.00000
110346,1959.00000
110397,1959.00000
110447,1959.00000
110497,1959.00000
110548,1959.00000
110597,1798.00000
110646,1798.00000
110711,1798.00000
110746,1798.00000
110799,1769.00000
110846,1769.00000
110897,1769.00000
110947,1769.00000
110998,1745.00000
111047,1745.00000
111096,1745.00000
111147,1745.00000
111197,1719.00000
111247,1719.00000
111298,1719.00000
111347,1719.00000
111398,1678.00000
111448,1678.00000
111497,1678.00000
111548,1678.00000
111597,1497.00000
111646,1497.00000
111701,1497.00000
111745,1497.00000
111796,1275.00000
111847,1275.00000
111899,1275.00000
111946,1275.00000
111998,1281.00000
112046,1281.00000
112097,1281.00000
112147,1281.00000
112197,1262.00000
112247,1262.00000
112298,1262.00000
112351,1262.00000
112396,1179.00000
112446,1179.00000
112498,1179.00000
112547,1179.00000
112596,1430.00000
112646,1430.00000
112707,1430.00000
112746,1430.00000
112797,1675.00000
112848,1675.00000
112897,1675.00000
112947,1675.00000
113000,1508.00000
113047,1508.00000
113097,1508.00000
113147,1508.00000
113198,1662.00000
113247,1662.00000
113296,1662.00000
113347,1662.00000
113397,1929.00000
113446,1929.00000
113497,1929.00000
113548,1929.00000
113597,2031.00000
113646,2031.00000
113715,2031.00000
113746,2031.00000
113796,1724.00000
113847,1724.00000
113896,1724.00000
113946,1724.00000
113996,1708.00000
114048,1708.00000
114098,1708.00000
114146,1708.00000
114197,1668.00000
114249,1668.00000
114301,1668.00000
114347,1668.00000
114398,1643.00000
114446,1643.00000
114497,1643.00000
114546,1643.00000
114600,1843.00000
114646,1843.00000
114702,1843.00000
114746,1843.00000
114795,2183.00000
114846,2183.00000
114897,2183.00000
114947,2183.00000
114997,2549.00000
115048,2549.00000
115097,2549.00000
115148,2549.00000
115196,2221.00000
115247,2221.00000
115298,2221.00000
115348,2221.00000
115396,1536.00000
115446,1536.00000
115498,1536.00000
115546,1536.00000
115598,1078.00000
115646,1078.00000
115703,1078.00000
115747,1078.00000
115796,967.00000
115847,967.00000
115897,967.00000
115946,967.00000
115998,1172.00000
116046,1172.00000
116097,1172.00000
116146,1172.00000
116199,1341.00000
116246,1341.00000
116297,1341.00000
116348,1341.00000
116396,1557.00000
116447,1557.00000
116497,1557.00000
116547,1557.00000
116597,1695.00000
116646,1695.00000
116710,1695.00000
116746,1695.00000
116796,1738.00000
116847,1738.00000
116897,1738.00000
116946,1738.00000
116998,1766.00000
117046,1766.00000
117099,1766.00000
117147,1766.00000
117197,1776.00000
117247,1776.00000
117299,1776.00000
117346,1776.00000
117397,1448.00000
117446,1448.00000
117497,1448.00000
117548,1448.00000
117597,1388.00000
117646,1388.00000
117696,1388.00000
117751,1388.00000
117796,1733.00000
117846,1733.00000
117898,1733.00000
117949,1733.00000
117997,3192.00000
118046,3192.00000
118097,3192.00000
118146,3192.00000
118197,3382.00000
118248,3382.00000
118298,3382.00000
118347,3382.00000
118397,2718.00000
118446,2718.00000
118497,2718.00000
118548,2718.00000
118597,2858.00000
118647,2858.00000
118698,2858.00000
118750,2858.00000
118796,3070.00000
118848,3070.00000
118897,3070.00000
118948,3070.00000
118998,3166.00000
119046,3166.00000
119096,3166.00000
119148,3166.00000
119197,3142.00000
119247,3142.00000
119298,3142.00000
119347,3142.00000
119396,3079.00000
119446,3079.00000
119499,3079.00000
119548,3079.00000
119597,2950.00000
119648,2950.00000
119699,2950.00000
119754,2950.00000
119797,2699.00000
119846,2699.00000
119896,2699.00000
119946,2699.00000
119998,2470.00000
120046,2470.00000
120097,2470.00000
120146,2470.00000
120198,2560.00000
120247,2560.00000
120298,2560.00000
120346,2560.00000
120397,2816.00000
120446,2816.00000
120497,2816.00000
120546,2816.00000
120598,2739.00000
120649,2739.00000
120697,2739.00000
120746,2739.00000
120809,2786.00000
120848,2786.00000
120896,2786.00000
120946,2786.00000
120997,2937.00000
121046,2937.00000
121096,2937.00000
121146,2937.00000
121196,2843.00000
121246,2843.00000
121296,2843.00000
121346,2843.00000
121398,2718.00000
121448,2718.00000
121498,2718.00000
121545,2718.00000
121596,2612.00000
121646,2612.00000
121697,2612.00000
121746,2612.00000
121796,2656.00000
121850,2656.00000
121897,2656.00000
121948,2656.00000
121997,2813.00000
122049,2813.00000
122099,2813.00000
122148,2813.00000
122199,2986.00000
122248,2986.00000
122298,2986.00000
122348,2986.00000
122398,2880.00000
122447,2880.00000
122499,2880.00000
122549,2880.00000
122598,2460.00000
122647,2460.00000
122696,2460.00000
122746,2460.00000
122796,2024.00000
122850,2024.00000
122897,2024.00000
122947,2024.00000
122996,1804.00000
123047,1804.00000
123096,1804.00000
123147,1804.00000
123203,1700.00000
123247,1700.00000
123300,1700.00000
123348,1700.00000
123404,1609.00000
123448,1609.00000
123498,1609.00000
123546,1609.00000
123596,1585.00000
123646,1585.00000
123697,1585.00000
123750,1585.00000
123800,1585.00000
123874,1585.00000
123896,1585.00000
123946,1585.00000
123998,1655.00000
124047,1655.00000
124097,1655.00000
124149,1655.00000
124198,1765.00000
124248,1765.00000
124299,1765.00000
124349,1765.00000
124400,1868.00000
124447,1868.00000
124498,1868.00000
124553,1868.00000
124598,1713.00000
124648,1713.00000
124699,1713.00000
124748,1713.00000
124799,1711.00000
124867,1711.00000
124897,1711.00000
124946,1711.00000
124997,1744.00000
125048,1744.00000
125098,1744.00000
125149,1744.00000
125198,2003.00000
125248,2003.00000
125299,2003.00000
125349,2003.00000
125397,2127.00000
125447,2127.00000
125499,2127.00000
125549,2127.00000
125599,1740.00000
125649,1740.00000
125698,1740.00000
125750,1740.00000
125798,1363.00000
125849,1363.00000
125917,1363.00000
125946,1363.00000
125996,1244.00000
126045,1244.00000
126096,1244.00000
126148,1244.00000
126196,1352.00000
126246,1352.00000
126298,1352.00000
126346,1352.00000
126396,1443.00000
126448,1443.00000
126498,1443.00000
126548,1443.00000
126599,1466.00000
126649,1466.00000
126700,1466.00000
126749,1466.00000
126797,1508.00000
126849,1508.00000
126898,1508.00000
126963,1508.00000
126998,1461.00000
127046,1461.00000
127098,1461.00000
127149,1461.00000
127198,1418.00000
127250,1418.00000
127298,1418.00000
127349,1418.00000
127399,1384.00000
127448,1384.00000
127499,1384.00000
127548,1384.00000
127598,1410.00000
127649,1410.00000
127700,1410.00000
127748,1410.00000
127800,1471.00000
127849,1471.00000
127899,1471.00000
127947,1471.00000
128012,1486.00000
128046,1486.00000
128098,1486.00000
128149,1486.00000
128199,1626.00000
128248,1626.00000
128298,1626.00000
128349,1626.00000
128399,2026.00000
128447,2026.00000
128497,2026.00000
128548,2026.00000
128599,2221.00000
128648,2221.00000
128698,2221.00000
128748,2221.00000
128798,2059.00000
128850,2059.00000
128898,2059.00000
128949,2059.00000
129012,1881.00000
129046,1881.00000
129097,1881.00000
129149,1881.00000
129198,1722.00000
129249,1722.00000
129298,1722.00000
129348,1722.00000
129398,1643.00000
129450,1643.00000
129497,1643.00000
129550,1643.00000
129597,1609.00000
129648,1609.00000
129698,1609.00000
129748,1609.00000
129800,1587.00000
129850,1587.00000
129898,1587.00000
129948,1587.00000
129998,1556.00000
130071,1556.00000
130099,1556.00000
130151,1556.00000
130199,1556.00000
130248,1556.00000
130300,1556.00000
130348,1556.00000
130399,1556.00000
130446,1556.00000
130497,1556.00000
130551,1520.00000
130598,1520.00000
130649,1520.00000
130705,1520.00000
130750,1470.00000
130805,1470.00000
130847,1470.00000
130898,1470.00000
130949,1341.00000
130999,1341.00000
131049,1341.00000
131115,1341.00000
131146,1193.00000
131197,1193.00000
131248,1193.00000
131298,1193.00000
131347,1118.00000
131397,1118.00000
131447,1118.00000
131497,1118.00000
131549,1130.00000
131598,1130.00000
131648,1130.00000
131699,1130.00000
131753,1167.00000
131798,1167.00000
131848,1167.00000
131903,1167.00000
131948,1224.00000
131996,1224.00000
132048,1224.00000
132128,1224.00000
132146,1224.00000
132197,1252.00000
132249,1252.00000
132300,1252.00000
132346,1252.00000
132395,1252.00000
132446,1236.00000
132496,1236.00000
132548,1236.00000
132597,1213.00000
132646,1213.00000
132697,1213.00000
132747,1213.00000
132798,1155.00000
132845,1155.00000
132896,1155.00000
132946,1155.00000
132996,1142.00000
133046,1142.00000
133107,1142.00000
133146,1142.00000
133196,1127.00000
133246,1127.00000
133298,1127.00000
133347,1127.00000
133396,1140.00000
133446,1140.00000
133497,1140.00000
133547,1140.00000
133597,1036.00000
133647,1036.00000
133698,1036.00000
133746,1036.00000
133796,988.00000
133848,988.00000
133898,988.00000
133947,988.00000
133997,988.00000
134047,988.00000
134112,988.00000
134146,988.00000
134196,988.00000
134247,979.00000
