time,azimuth
40,-39
89,-39
141,-39
189,-38
239,-38
290,-36
339,-37
390,-40
439,-40
489,-42
541,-41
589,-45
640,-47
689,-51
740,-49
795,-47
842,-51
889,-51
940,-53
989,-56
1040,-55
1090,-54
1142,-51
1193,-58
1241,-57
1290,-54
1339,-59
1390,-59
1439,-62
1490,-67
1539,-62
1593,-64
1642,-53
1692,-57
1740,-77
1793,-76
1839,-63
1891,-66
1939,-74
1990,-81
2040,-67
2089,-49
2141,-68
2191,-66
2242,-69
2291,-47
2340,-77
2392,-92
2439,-84
2490,-83
2540,-74
2590,-92
2640,-97
2691,-87
2741,-103
2799,-80
2840,-83
2890,-79
2939,-83
2992,-101
3042,-80
3092,-97
3139,-100
3192,-89
3239,-88
3290,-81
3339,-119
3390,-98
3440,-92
3491,-81
3540,-84
3593,-91
3639,-108
3690,-92
3739,-104
3812,-93
3839,-93
3889,-90
3940,-88
3991,-81
4042,-81
4090,-73
4139,-76
4189,-74
4240,-71
4289,-66
4340,-68
4392,-60
4440,-59
4497,-56
4540,-51
4590,-49
4641,-48
4691,-46
4739,-44
4790,-46
4846,-35
4888,-41
4939,-43
4989,-40
5040,-35
5092,-35
5139,-28
5192,-29
5242,-38
5290,-27
5339,-19
5390,-22
5440,-16
5489,-15
5540,-30
5591,-12
5639,-13
5691,-19
5742,-16
5792,-8
5845,-7
5890,-11
5939,2
5991,-14
6040,-9
6092,-3
6140,-3
6190,-2
6241,-7
6291,5
6341,5
6389,-12
6439,-22
6490,-12
6542,-7
6592,-9
6640,-10
6692,-14
6740,-17
6789,-6
6846,-9
6890,-8
6940,-24
6991,-8
7040,-25
7090,-27
7139,-16
7190,-23
7239,-47
7291,-35
7341,-35
7389,-39
7439,-24
7490,-33
7540,-38
7589,-50
7641,-49
7690,-48
7745,-16
7790,-52
7862,-60
7889,-44
7939,-73
7992,-95
8040,-98
8090,-68
8140,-73
8192,-72
8241,-75
8292,-60
8341,-69
8394,-76
8440,-81
8490,-68
8540,-81
8592,-70
8642,-68
8692,-71
8743,-80
8791,-81
8841,-70
8898,-75
8939,-86
8990,-77
9040,-68
9090,-68
9140,-67
9190,-66
9240,-62
9291,-58
9340,-59
9390,-52
9439,-50
9492,-50
9540,-49
9590,-49
9640,-48
9692,-39
9741,-44
9790,-53
9841,-48
9895,-43
9939,-41
9989,-37
10041,-36
10090,-28
10140,30
10190,-9
10242,-16
10290,-16
10339,-24
10392,-13
10439,-21
10490,-19
10539,-41
10591,-37
10639,-24
10691,-29
10740,-32
10790,-39
10840,-28
10899,-18
10939,-17
10989,-60
11040,-17
11093,-30
11139,-40
11190,-61
11241,-30
11290,-16
11340,-60
11389,-67
11439,-24
11490,-51
11541,-42
11590,-31
11642,-39
11691,-87
11742,-74
11790,-62
11840,-91
11891,-72
11944,-70
11990,-71
12039,-67
12091,-67
12142,-36
12192,-70
12240,-68
12289,-57
12340,-55
12390,-54
12439,-62
12490,-65
12539,-73
12589,-72
12640,-58
12691,-54
12742,-59
12791,-63
12840,-55
12890,-63
12947,-60
12989,-48
13040,-56
13092,-55
13143,-53
13190,-60
13239,-46
13291,-85
13341,-45
13389,-43
13440,-53
13489,-46
13540,-45
13589,-47
13639,-37
13689,-43
13740,-42
13791,-39
13839,-39
13891,-22
13954,-37
13989,-43
14039,-40
14090,-28
14139,-11
14190,-13
14239,-45
14290,-42
14340,-23
14391,-33
14440,-36
14492,-32
14542,-114
14591,-50
14640,-30
14691,-39
14741,-23
14793,-101
14842,-37
14891,-37
14955,-48
14992,-81
15039,-47
15090,-21
15141,-50
15191,-62
15240,-23
15291,-24
15340,-37
15390,-62
15440,-47
15491,-37
15541,-37
15590,-59
15639,-53
15689,-39
15739,-36
15792,-61
15842,-68
15891,-68
15952,-56
15989,-61
16039,-20
16091,-71
16139,-53
16191,-71
16240,-85
16291,-67
16339,-76
16390,-80
16439,-80
16491,-43
16539,-46
16591,-55
16640,-73
16693,-61
16740,-68
16791,-62
16839,-61
16891,-56
16954,-54
16990,-51
17040,-41
17094,-24
17140,-46
17190,-66
17240,-61
17289,-40
17339,-58
17391,-69
17441,-67
17490,-62
17541,-48
17593,-38
17640,-44
17690,-44
17741,-54
17792,-73
17840,-59
17890,-64
17946,-73
17989,-69
18039,-68
18090,-53
18141,-49
18190,-45
18243,-36
18291,-18
18340,-31
18392,-57
18439,-59
18492,-54
18539,-48
18589,-44
18639,-57
18689,-46
18739,-39
18790,-54
18840,-61
18891,-48
18945,-32
18989,-37
19040,-64
19089,-47
19139,-75
19190,-62
19240,-56
19290,-54
19339,-40
19391,-32
19439,-19
19490,-3
19539,-21
19591,-45
19639,-49
19691,-55
19741,-55
19790,-58
19841,-58
19890,-53
19950,-28
19989,-69
20039,-5
20090,-52
20141,-51
20192,-57
20239,-56
20291,-55
20341,-56
20389,-69
20439,-67
20489,-69
20540,-51
20590,-36
20641,-25
20691,-33
20741,-39
20791,-40
20840,-56
20890,-51
20946,-47
20991,-67
21039,-63
21089,-50
21139,-46
21188,-70
21240,-61
21289,-68
21339,-26
21389,-71
21439,-66
21489,-66
21539,-61
21590,-62
21642,-61
21691,-68
21741,-55
21790,-58
21840,-50
21891,-43
21940,-39
22000,-37
22039,-38
22089,-46
22139,-34
22191,-45
22240,-43
22290,-43
22340,-38
22389,-39
22440,-32
22490,-27
22541,-39
22590,-38
22639,-34
22690,-31
22740,-37
22791,-36
22841,-35
22889,-25
22941,-37
22996,-25
23039,-31
23090,-32
23139,-24
23192,-24
23242,-26
23293,-22
23339,-26
23391,-30
23440,-31
23490,-32
23539,-20
23592,-20
23641,-29
23691,-26
23740,-26
23792,-29
23841,-37
23889,-28
23939,-26
23995,-27
24039,-39
24091,-29
24140,-36
24189,-31
24242,-38
24290,-58
24340,-41
24390,-37
24439,-41
24489,-45
24539,-38
24589,-41
24639,-39
24691,-57
24741,-38
24789,-57
24840,-64
24890,-67
24940,-41
25011,-72
25039,-77
25090,-86
25139,-54
25190,-76
25241,-66
25290,-87
25340,-79
25394,-80
25439,-106
25490,-107
25539,-112
25593,-89
25639,-106
25692,-99
25740,-112
25790,-101
25840,-79
25891,-107
25940,-92
26002,-109
26039,-89
26089,-98
26139,-62
26191,-66
26241,-87
26290,-80
26341,-61
26391,-76
26440,-69
26490,-70
26541,-73
26589,-56
26641,-38
26689,-57
26741,-69
26790,-47
26840,-60
26890,-65
26940,-61
27008,-48
27039,-58
27090,-42
27139,-44
27190,-46
27240,-52
27289,-55
27341,-57
27392,-39
27440,-46
27489,-44
27540,-57
27591,-48
27640,-44
27691,-46
27741,-46
27790,-54
27840,-45
27889,-47
27939,-47
27989,-49
28046,-49
28090,-46
28139,-42
28191,-37
28240,-56
28290,-45
28340,7
28392,-38
28439,-45
28489,-29
28540,-36
28590,-36
28640,-34
28691,-9
28740,-38
28789,-14
28839,-29
28890,-29
28942,-41
28990,-43
29052,-29
29090,-33
29139,-35
29190,-35
29241,-24
29290,-23
29340,-20
29390,-29
29439,-27
29490,-8
29539,-21
29591,-10
29640,-10
29690,-16
29740,-21
29792,-20
29839,-28
29891,-27
29941,-18
29990,-20
30039,-24
30095,-28
30138,-16
30190,-19
30239,-24
30288,-17
30338,-26
30391,-30
30439,-31
30489,-24
30539,-23
30589,-24
30639,-23
30691,-37
30739,-34
30790,-32
30839,-37
30891,-38
30940,-46
30991,-80
31041,-61
31089,-34
31144,-62
31189,-96
31239,-37
31290,-47
31340,-64
31390,-59
31440,-44
31490,-57
31541,-65
31590,-93
31640,-87
31690,-56
31740,-80
31792,-99
31841,-82
31889,-107
31941,-90
31991,-89
32041,-98
32090,-116
32139,-131
32194,-145
32239,89
32289,-96
32340,-85
32392,-37
32439,-116
32489,-101
32540,-85
32589,-132
32641,-102
32691,-102
32740,-88
32790,-74
32840,-85
32890,-81
32941,-105
32990,-87
33043,-76
33089,-86
33139,-85
33199,-77
33239,-83
33290,-71
33339,-71
33390,-72
33441,-68
33491,-61
33541,-54
33589,-46
33641,-51
33690,-48
33740,-47
33789,-39
33840,-47
33889,-51
33940,-48
33991,-38
34042,-32
34090,-31
34140,-46
34191,-47
34245,-44
34289,-44
34339,-60
34390,-52
34440,-50
34489,-45
34539,-39
34590,-33
34641,-33
34691,-27
34740,-15
34791,-28
34839,-30
34890,-26
34940,-39
34990,-32
35040,-41
35090,-35
35139,-47
35190,-63
35243,-62
35289,-49
35339,-46
35391,-37
35440,-37
35491,-16
35539,-27
35589,-20
35640,-29
35690,-34
35740,-44
35791,-41
35842,-55
35890,-44
35939,-64
35991,-62
36040,-53
36090,-51
36140,-43
36190,-36
36246,-33
36289,-34
36339,-38
36391,-45
36440,-42
36492,-41
36540,-44
36590,-59
36640,-49
36690,-55
36742,-53
36790,-56
36838,-47
36889,-38
36939,-30
36989,-39
37041,-47
37091,-19
37140,-22
37190,-46
37240,-50
37295,-38
37340,-51
37390,-65
37442,-51
37489,-56
37540,-47
37590,-55
37640,-54
37691,-46
37740,-34
37789,-12
37840,-38
37891,-50
37939,-54
37991,-60
38040,-54
38091,-48
38140,-52
38190,-52
38241,-46
38290,-44
38345,-34
38390,-76
38439,-30
38489,-23
38541,-34
38589,-52
38640,-65
38692,-54
38740,-67
38790,-63
38839,-72
38891,-57
38940,-49
38989,-47
39040,-52
39089,-37
39139,-24
39189,-70
39239,-56
39291,-54
39344,-52
39390,-65
39439,-67
39490,-61
39539,-54
39591,-79
39640,-64
39690,-71
39740,-44
39789,-55
39840,-57
39890,-62
39939,-95
39990,-83
40040,-57
40090,-68
40140,-81
40190,-78
40240,-83
40290,-79
40340,-88
40394,-83
40439,-98
40489,-90
40539,-66
40590,-84
40639,-137
40690,-66
40741,-102
40791,-86
40839,-98
40890,-111
40939,-139
40990,-175
41041,-142
41091,-117
41140,52
41190,-171
41240,-179
41290,174
41340,122
41394,142
41439,149
41488,-163
41539,-100
41590,-176
41640,155
41689,168
41739,98
41790,120
41840,40
41891,136
41939,108
41991,156
42041,-161
42089,142
42140,2
42191,122
42240,142
42291,136
42340,66
42396,127
42439,119
42489,80
42539,94
42592,160
42640,172
42690,-6
42740,169
42791,147
42841,126
42891,-171
42941,-152
42990,-168
43040,34
43089,-175
43140,-167
43189,-166
43239,-157
43289,-120
43340,-177
43413,-160
43439,-160
43489,-169
43539,103
43589,-166
43639,-167
43691,-175
43738,-48
43788,-91
43841,22
43891,-34
43941,25
43993,-117
44039,-158
44089,-98
44141,-98
44191,178
44240,-115
44292,-155
44339,-143
44390,-83
44441,-109
44489,-88
44539,-142
44592,-145
44642,-141
44691,-37
44739,72
44792,-74
44840,-151
44891,-142
44939,-135
44991,-135
45040,-23
45089,-152
45141,-176
45191,165
45239,167
45291,-134
45341,-163
45393,-136
45442,-106
45489,-169
45539,-149
45590,-152
45639,176
45689,-170
45739,-144
45789,-166
45840,-55
45889,-159
45939,-159
45990,-71
46040,-177
46089,-167
46139,-127
46189,178
46239,-179
46289,177
46339,-141
46391,160
46444,179
46488,-163
46539,179
46591,-179
46640,-167
46692,-151
46740,-177
46791,-171
46841,-168
46889,-123
46939,-154
46989,121
47040,-151
47090,-143
47140,-159
47191,-167
47240,123
47292,-175
47340,159
47389,149
47441,111
47489,171
47539,136
47590,115
47641,107
47689,-94
47740,98
47791,132
47840,127
47891,131
47940,72
47991,160
48038,154
48090,161
48139,25
48189,-167
48240,-179
48290,157
48339,171
48390,-178
48444,81
48489,57
48539,-99
48589,136
48640,173
48690,163
48739,161
48790,166
48840,176
48890,170
48941,165
48992,119
49041,167
49091,158
49139,152
49191,-46
49241,88
49290,141
49341,72
49392,173
49450,144
49488,93
49539,168
49589,154
49639,138
49691,-177
49739,-160
49790,-141
49842,52
49889,-92
49941,-165
49990,75
50040,149
50089,-176
50140,-168
50192,-134
50240,-155
50291,-111
50341,-155
50389,-165
50443,179
50489,-153
50539,-97
50591,-111
50641,-128
50689,-128
50739,-137
50790,-114
50839,-122
50889,-120
50940,-109
50990,-112
51040,-92
51090,-108
51140,-106
51191,-114
51240,-44
51290,-64
51339,-104
51390,-128
51439,-73
51499,-87
51539,-103
51590,-141
51639,-153
51690,-108
51739,-136
51791,-103
51840,-115
51891,-98
51941,40
51989,-118
52040,-148
52090,-98
52140,-108
52189,-96
52239,-58
52290,-73
52341,-104
52390,-120
52439,-135
52489,-150
52542,-112
52589,-142
52639,-43
52689,-106
52739,-166
52789,-153
52840,-112
52890,35
52939,149
52990,-140
53040,165
53090,-82
53139,147
53190,-176
53239,62
53291,170
53342,75
53391,158
53439,71
53490,139
53542,113
53589,-163
53640,121
53690,133
53739,123
53789,106
53839,120
53889,159
53940,68
53990,98
54040,98
54091,111
54140,90
54189,85
54240,127
54291,131
54339,-74
54390,147
54439,150
54488,34
54544,2
54589,150
54639,6
54691,122
54740,108
54791,118
54840,20
54895,174
54940,171
54990,164
55039,94
55089,149
55140,174
55189,161
55240,-167
55289,155
55339,-159
55391,-150
55439,177
55489,-130
55539,-126
55596,-107
55640,-126
55689,-116
55739,-128
55789,-122
55839,-125
55890,-131
55939,10
55989,-95
56039,-113
56088,-129
56139,-152
56189,-123
56239,-107
56288,-97
56338,-104
56389,-86
56439,-118
56490,-81
56540,-104
56600,-108
56639,-104
56689,-72
56739,-121
56790,-142
56840,-143
56889,-65
56940,-62
56990,-157
57040,-176
57091,-179
57140,-180
57189,85
57240,-171
57290,-128
57340,162
57389,49
57440,175
57490,-15
57540,-58
57612,-89
57640,170
57689,78
57739,159
57789,56
57840,157
57889,50
57940,157
57990,88
58039,121
58089,88
58141,127
58191,110
58240,97
58290,129
58340,117
58389,107
58439,102
58489,107
58542,105
58596,121
58639,104
58689,138
58740,3
58790,64
58841,140
58890,137
58940,71
58990,52
59040,-167
59091,165
59139,-165
59192,46
59239,-165
59290,-144
59340,-145
59389,-140
59440,-125
59490,-149
59539,-111
59594,-44
59640,-145
59690,-31
59739,-124
59791,-120
59839,-128
59889,-133
59939,-106
59989,-94
60040,-112
60090,-118
60141,-108
60192,-119
60239,-118
60290,-114
60340,-110
60391,-120
60440,-108
60491,-113
60540,-119
60589,-111
60649,-123
60689,-133
60739,-95
60791,-117
60840,-78
60890,-127
60940,-96
60989,-155
61039,-130
61090,-121
61140,-97
61190,-172
61239,-73
61290,-119
61340,-145
61390,-70
61439,-128
61490,-157
61539,-50
61590,-134
61642,-156
61689,-175
61739,-159
61790,-123
61841,-174
61890,173
61940,-158
61991,-172
62042,169
62090,-176
62139,159
62189,154
62239,173
62291,162
62340,130
62390,-177
62439,178
62491,179
62539,172
62591,169
62646,177
62689,172
62739,122
62789,163
62839,165
62889,149
62939,179
62990,175
63040,146
63090,-177
63140,163
63190,151
63241,159
63289,147
63340,146
63390,117
63439,157
63491,155
63541,108
63591,124
63640,155
63709,107
63739,99
63790,120
63839,113
63891,62
63939,124
63990,165
64041,141
64090,164
64140,67
64191,40
64240,143
64290,122
64339,134
64390,178
64440,108
64490,131
64540,138
64590,166
64641,135
64693,49
64738,162
64792,-162
64839,178
64891,-155
64941,-151
64989,172
65040,-176
65091,-133
65139,-152
65191,-136
65244,-166
65290,-134
65339,-152
65390,-164
65439,-162
65489,-158
65539,-99
65590,175
65639,123
65691,-176
65744,-148
65789,-179
65839,-148
65889,-158
65939,-158
65989,-109
66039,-146
66092,-108
66140,-140
66190,121
66240,158
66290,108
66340,-168
66389,79
66439,107
66492,168
66541,117
66591,141
66641,105
66705,105
66739,178
66791,179
66839,178
66889,-108
66939,-165
66989,-176
67039,-180
67091,165
67141,166
67189,154
67241,149
67290,35
67339,70
67388,125
67439,70
67490,119
67539,178
67589,-175
67639,151
67692,-164
67738,167
67790,137
67839,-55
67889,-168
67941,-174
67988,172
68039,136
68090,-111
68140,10
68190,-151
68239,-125
68291,136
68340,116
68389,-42
68439,-124
68489,-175
68540,130
68589,-149
68639,-113
68695,-148
68740,143
68789,131
68839,-115
68890,-110
68939,153
68990,-169
69040,152
69090,-99
69141,-114
69189,126
69240,126
69291,-118
69339,28
69391,112
69439,152
69489,-93
69540,-120
69591,-130
69639,-121
69692,-131
69740,-129
69789,140
69839,-119
69890,-97
69939,-91
69989,-121
70040,-89
70091,-105
70140,-95
70192,-108
70241,-79
70289,-94
70340,-95
70390,-89
70439,-79
70489,-85
70540,-79
70589,-102
70639,-90
70693,-74
70739,-108
70789,-89
70839,-106
70889,-133
70939,-131
70989,-94
71040,-97
71090,-111
71139,-147
71190,-151
71239,-132
71289,-166
71339,177
71389,175
71439,-175
71491,-180
71540,157
71591,164
71639,129
71693,158
71739,150
71789,143
71840,141
71890,116
71940,133
71990,102
72040,108
72091,100
72140,89
72191,82
72240,105
72291,89
72341,93
72390,93
72439,86
72490,89
72539,50
72589,54
72639,88
72698,71
72739,105
72789,69
72839,92
72889,65
72940,80
72990,88
73039,77
73089,91
73139,100
73188,100
73239,150
73288,162
73341,88
73389,123
73439,98
73488,128
73539,139
73589,25
73639,154
73688,135
73742,154
73789,-152
73839,-108
73889,-117
73939,-122
73990,-107
74040,-120
74089,-103
74140,-112
74191,-113
74239,-90
74289,-100
74339,-103
74390,-103
74440,-81
74489,-74
74539,-74
74590,-72
74639,-86
74689,-93
74740,-71
74800,-71
74839,-64
74889,-71
74940,-77
74990,-68
75041,-79
75089,-84
75140,-102
75189,-71
75240,-91
75289,-95
75339,-72
75389,-102
75439,-90
75495,-15
75539,-102
75590,-98
75639,-96
75690,-83
75739,-143
75793,-158
75838,-155
75890,-156
75939,174
75990,168
76040,168
76089,-73
76140,-173
76190,-17
76239,20
76290,158
76340,150
76389,127
76440,130
76488,-106
76538,163
76590,132
76639,147
76691,138
76739,130
76789,115
76849,94
76890,111
76940,76
76990,90
77039,113
77091,109
77141,106
77193,109
77240,118
77290,134
77339,88
77391,79
77439,101
77493,76
77540,117
77592,71
77639,77
77690,59
77739,63
77792,54
77845,57
77889,69
77939,97
77989,111
78040,62
78090,80
78139,92
78192,125
78241,93
78290,127
78340,98
78389,73
78439,97
78490,160
78539,167
78589,163
78640,175
78690,151
78739,155
78791,-153
78850,-83
78890,-170
78939,-145
78991,-145
79039,-136
79091,-133
79141,-120
79189,-159
79239,-127
79291,-121
79339,-113
79390,-94
79439,-65
79490,-106
79540,-115
79590,-115
79641,-100
79690,-106
79740,-106
79791,-81
79843,-107
79889,-102
79939,-87
79990,-87
80040,-99
80091,-101
80140,-104
80191,-89
80239,-75
80290,-84
80340,-83
80390,-80
80439,-68
80490,-86
80539,-97
80590,-116
80640,-107
80692,-111
80741,-110
80791,-92
80842,-121
80889,-129
80939,152
80991,-133
81040,-121
81090,-141
81140,-136
81191,-170
81240,37
81289,-159
81340,168
81391,-178
81439,158
81489,175
81540,159
81589,58
81640,137
81691,158
81740,133
81790,-173
81851,152
81889,147
81940,142
81990,167
82040,108
82091,137
82140,126
82191,100
82239,118
82291,69
82341,69
82391,87
82439,44
82490,117
82541,134
82589,117
82640,117
82690,91
82740,101
82790,89
82856,79
82889,89
82939,86
82990,147
83041,15
83091,56
83140,145
83193,151
83239,144
83289,150
83341,138
83389,114
83439,131
83490,56
83540,74
83590,126
83640,-30
83690,130
83739,140
83790,162
83844,173
83889,142
83939,-179
83990,178
84041,137
84089,-176
84140,-179
84189,-175
84239,-124
84291,108
84341,-161
84389,153
84439,63
84491,-61
84539,172
84590,-160
84641,-176
84691,-154
84739,-2
84790,-172
84840,-163
84894,174
84939,1
84989,-163
85039,-140
85091,-159
85139,-132
85190,-89
85239,-142
85289,-178
85339,179
85390,166
85439,-163
85489,111
85541,170
85589,152
85639,69
85690,169
85740,165
85790,86
85840,167
85907,160
85941,153
85989,149
86039,148
86092,144
86141,73
86191,148
86243,153
86290,112
86340,49
86390,35
86439,102
86489,106
86540,125
86590,86
86640,158
86692,71
86740,110
86791,129
86841,-3
86900,127
86939,113
86988,139
87040,93
87092,126
87140,61
87190,117
87240,132
87290,122
87339,136
87390,118
87440,77
87491,3
87540,109
87590,83
87639,99
87690,46
87740,99
87790,112
87839,114
87891,80
87945,99
87994,83
88039,114
88090,73
88140,10
88191,69
88239,124
88290,92
88340,93
88389,73
88439,143
88490,97
88540,104
88593,94
88639,108
88691,86
88740,91
88790,114
88840,58
88890,130
88944,82
88989,100
89040,109
89090,79
89139,105
89191,99
89239,23
89290,63
89340,108
89390,70
89439,131
89493,122
89539,94
89591,103
89641,112
89689,72
89741,92
89790,65
89840,89
89889,92
89945,33
89989,70
90040,66
90090,67
90139,82
90189,73
90240,72
90290,71
90342,94
90391,74
90439,68
90491,61
90541,65
90589,47
90639,46
90689,47
90739,46
90791,45
90839,52
90890,44
90939,50
90996,46
91045,44
91089,46
91140,39
91189,44
91244,44
91289,46
91339,48
91389,51
91439,32
91489,40
91539,42
91589,46
91639,39
91690,40
91739,39
91790,36
91840,38
91889,25
91942,25
91989,36
92045,35
92089,41
92140,44
92191,42
92240,35
92289,30
92339,39
92390,40
92439,53
92490,23
92539,37
92590,22
92640,26
92691,34
92739,45
92791,71
92841,38
92889,71
92939,46
92991,57
93044,41
93089,58
93140,56
93191,39
93240,36
93290,35
93340,49
93391,28
93439,43
93490,56
93540,50
93590,69
93639,44
93690,49
93740,58
93789,61
93841,41
93891,40
93939,61
93989,35
94047,57
94088,52
94139,49
94190,43
94239,41
94289,54
94339,52
94389,52
94442,57
94489,32
94539,40
94589,36
94639,57
94689,43
94740,49
94791,42
94839,59
94891,53
94941,74
94991,54
95043,53
95089,44
95139,35
95189,37
95239,30
95289,55
95340,39
95389,60
95439,52
95490,21
95539,45
95591,66
95641,42
95691,46
95739,45
95790,56
95840,46
95890,41
95939,34
95991,45
96044,52
96089,50
96139,56
96191,43
96241,41
96290,19
96339,23
96390,61
96438,49
96489,60
96540,55
96591,43
96641,44
96692,45
96739,26
96790,38
96839,40
96890,30
96940,37
96990,38
97049,42
97088,44
97139,51
97191,47
97242,59
97289,42
97340,31
97389,45
97439,11
97491,44
97539,41
97590,58
97639,47
97691,53
97740,51
97791,46
97839,34
97891,46
97940,38
97991,40
98055,45
98089,61
98140,50
98190,56
98239,59
98291,42
98340,40
98391,28
98439,46
98490,32
98539,53
98589,56
98641,60
98691,51
98740,44
98791,40
98840,36
98891,48
98941,43
98989,38
99044,53
99090,54
99139,31
99189,31
99239,41
99290,50
99339,49
99389,50
99439,50
99490,53
99539,47
99595,30
99640,50
99691,43
99741,48
99792,41
99839,36
99890,33
99939,40
99991,42
100039,43
100096,46
100140,44
100189,40
100239,35
100291,38
100340,22
100390,49
100440,48
100490,44
100541,45
100591,29
100639,31
100690,36
100745,41
100789,37
100839,41
100889,59
100939,60
100991,44
101040,42
101096,26
101139,30
101189,23
101240,36
101290,41
101340,46
101391,38
101439,40
101489,58
101540,55
101590,48
101642,48
101689,48
101739,48
101789,31
101839,27
101890,25
101940,25
101989,29
102041,48
102098,50
102139,111
102189,68
102239,60
102291,56
102340,46
102390,34
102440,40
102491,25
102541,27
102589,38
102639,41
102690,61
102740,60
102790,57
102840,69
102890,51
102940,55
102990,40
103039,37
103097,26
103139,43
103191,41
103240,55
103290,55
103339,46
103389,35
103440,42
103491,31
103540,23
103589,31
103641,45
103691,55
103740,51
103791,51
103839,52
103890,41
103940,34
103991,21
104039,13
104101,28
104139,47
104189,56
104239,62
104289,47
104340,64
104392,59
104445,54
104489,47
104539,30
104590,26
104639,27
104691,38
104739,48
104791,56
104840,54
104891,48
104941,39
104990,29
105040,28
105108,27
105139,27
105190,39
105240,42
105290,54
105340,60
105390,61
105440,49
105490,52
105540,36
105590,44
105640,37
105691,45
105740,39
105790,53
105841,44
105890,54
105940,58
105990,47
106040,40
106104,29
106139,8
106188,44
106239,52
106290,58
106340,50
106390,43
106439,42
106489,25
106539,14
106591,37
106640,54
106690,56
106741,57
106791,51
106840,47
106890,50
106940,37
106989,31
107041,11
107097,24
107139,9
107189,52
107240,77
107290,63
107339,60
107390,41
107438,45
107491,34
107542,15
107590,4
107640,22
107691,26
107739,59
107793,67
107841,51
107890,66
107940,47
107991,41
108040,29
108102,24
108140,21
108189,29
108239,51
108289,64
108340,69
108390,59
108439,53
108491,34
108541,32
108591,31
108639,27
108690,-12
108739,36
108789,55
108839,55
108888,78
108939,62
108990,58
109041,45
109095,46
109140,30
109191,34
109240,35
109290,37
109340,39
109390,47
109440,55
109489,65
109541,62
109589,39
109640,43
109691,37
109741,43
109791,35
109839,0
109890,61
109943,43
109990,61
110039,51
110100,56
110139,46
110189,46
110240,51
110290,35
110339,27
110390,46
110439,13
110491,34
110540,68
110590,56
110640,41
110691,47
110739,66
110790,53
110840,47
110890,40
110940,37
110989,30
111040,67
111093,51
111139,43
111189,46
111239,64
111290,30
111340,41
111389,28
111439,51
111489,38
111539,52
111590,58
111640,81
111689,56
111739,48
111790,54
111839,46
111892,54
111940,40
111989,33
112041,19
112100,30
112139,32
112191,23
112243,40
112289,46
112339,55
112390,50
112440,57
112489,58
112539,52
112591,48
112641,10
112690,16
112741,30
112789,21
112840,32
112891,50
112939,38
112991,72
113040,96
113109,118
113139,41
113189,46
113240,49
113292,79
113341,-72
113398,88
113439,-33
113489,-134
113541,48
113590,32
113640,96
113689,-148
113741,120
113789,56
113840,39
113890,-125
113940,172
113989,123
114040,118
114095,52
114139,31
114190,-82
114239,43
114289,29
114340,33
114389,17
114440,57
114489,49
114540,82
114589,62
114640,45
114690,43
114739,51
114791,22
114839,34
114890,60
114939,23
114989,60
115039,58
115091,36
115143,37
115189,41
115239,44
115291,37
115340,59
115390,19
115439,50
115491,57
115540,53
115590,45
115639,51
115689,12
115738,14
115789,21
115839,75
115890,46
115939,76
115989,63
116039,83
116091,76
116142,70
116191,50
116239,39
116289,21
116339,42
116390,13
116439,22
116489,75
116539,52
116590,63
116640,62
116690,58
116740,43
116790,42
116840,51
116889,38
116940,37
116990,33
117039,47
117089,53
117142,53
117190,48
117239,60
117289,58
117339,57
117391,39
117441,40
117489,49
117539,42
117591,54
117640,83
117689,64
117740,55
117790,59
117840,69
117889,-67
117940,63
117991,61
118039,-40
118089,73
118145,40
118189,55
118240,34
118291,61
118340,31
118390,47
118440,62
118489,53
118539,46
118590,31
118639,64
118689,58
118741,51
118795,52
118840,56
118890,56
118939,57
118991,59
119040,52
119089,42
119143,18
119189,25
119240,24
119289,29
119340,50
119389,68
119440,58
119491,70
119541,61
119589,53
119640,42
119689,49
119739,38
119789,20
119839,40
119890,29
119939,53
119991,56
120039,43
120091,54
120143,62
120189,52
120239,47
120293,14
120339,29
120393,31
120439,15
120489,42
120539,64
120590,54
120639,60
120690,39
120740,46
120793,45
120839,54
120890,37
120939,54
120989,54
121039,80
121090,53
121141,39
121189,58
121239,52
121289,53
121339,54
121389,58
121439,37
121491,41
121539,54
121589,42
121639,55
121689,47
121739,40
121791,39
121842,50
121891,47
121941,46
121990,45
122041,32
122090,39
122152,33
122189,35
122241,44
122292,44
122340,37
122393,44
122439,45
122491,46
122541,37
122592,43
122642,31
122690,33
122742,36
122791,31
122841,41
122893,27
122941,30
122991,46
123040,35
123091,39
123160,37
123192,48
123243,29
123292,30
123341,34
123392,44
123440,42
123489,39
123539,22
123589,23
123640,31
123691,34
123741,29
123792,21
123841,33
123892,33
123941,32
123992,36
124042,33
124089,33
124150,27
124190,40
124242,25
124292,24
124342,17
124390,66
124439,17
124490,21
124541,38
124591,50
124640,51
124693,31
124741,18
124791,29
124840,34
124891,30
124941,21
124991,26
125041,39
125091,39
125149,39
125190,37
125240,32
125292,28
125341,22
125390,23
125439,24
125489,9
125539,18
125589,24
125640,37
125691,35
125740,39
125792,44
125841,38
125891,30
125941,26
125991,22
126041,14
126090,15
126139,15
126191,17
126239,22
126288,25
126340,28
126389,34
126439,34
126490,34
126539,22
126591,1
126643,6
126691,-3
126740,12
126792,17
126842,11
126894,6
126940,22
126992,31
127040,24
127092,28
127141,26
127211,19
127241,18
127289,18
127341,22
127392,18
127439,6
127489,7
127539,14
127591,14
127644,22
127690,20
127739,23
127791,29
127841,20
127892,17
127940,11
127994,21
128040,7
128093,16
128140,4
128209,6
128240,6
128290,-4
128340,9
128390,-14
128440,76
128491,11
128541,20
128595,14
128643,32
128691,46
128741,14
128792,20
128843,13
128891,0
128943,18
128992,10
129043,5
129093,10
129141,16
129191,13
129262,11
129289,-1
129341,-10
129390,-2
129439,9
129490,0
129539,17
129589,27
129641,29
129692,10
129741,12
129793,3
129842,6
129892,7
129941,12
129991,14
130041,17
130091,13
130141,23
130192,30
130261,19
130289,13
130341,16
130390,13
130440,0
130492,-4
130540,-2
130592,-2
130641,16
130691,16
130742,21
130789,29
130839,26
130889,7
130939,1
130991,6
131041,1
131090,3
131140,0
131191,-1
131256,-8
131291,2
131341,13
131391,9
131439,20
131491,22
131542,2
131592,14
131642,17
131691,10
131742,10
131794,17
131841,7
131895,14
131940,14
131991,16
132041,18
132093,15
132142,22
132191,21
132240,17
132305,15
132340,18
132389,18
132444,6
132490,3
132541,4
132592,15
132641,23
132691,29
132741,47
132789,28
132842,24
132891,18
132942,16
132991,0
133041,-6
133090,-9
133141,3
133192,12
133240,15
133304,15
133340,23
133392,18
133440,5
133490,2
133540,-6
133594,1
133640,-1
133692,5
133741,14
133793,24
133842,21
133893,10
133941,5
133992,1
134041,-3
134092,-12
134141,-5
134190,5
134241,14
134292,13
134360,19
134389,25
134440,7
134493,4
134540,-10
134591,-7
134641,-7
134692,-11
134741,11
134791,19
134842,21
134898,16
134941,21
134993,14
135042,-7
135091,-7
135140,-6
135191,5
135241,1
135294,10
135363,21
135389,39
135440,33
135490,25
135540,25
135590,11
135640,7
135691,-3
135741,-5
135792,-9
135841,-11
135894,19
135940,14
135992,25
136041,21
136093,12
136141,5
136190,8
136241,-5
136292,-9
136359,-5
136390,26
136440,20
136491,29
136541,28
136592,24
136641,12
136691,4
136741,8
136791,-10
136843,-9
136891,-3
136942,5
136990,13
137041,18
137093,21
137142,16
137190,1
137241,4
137292,2
137348,0
137390,-2
137440,-1
137491,10
137541,26
137591,21
137642,20
137691,13
137741,7
137793,-1
137842,-6
137891,-2
137942,5
137991,11
138042,21
138094,26
138142,24
138192,21
138243,4
138291,-5
138341,2
138404,-3
138439,5
138489,5
138542,21
138591,24
138642,22
138692,20
138741,14
138794,-4
138841,-6
138891,-3
138942,0
138992,11
139043,14
139092,15
139143,37
139191,32
139243,22
139292,14
139343,1
139409,3
139439,-6
139490,-10
139541,-7
139591,9
139644,26
139696,28
139741,26
139793,22
139841,24
139893,20
139942,7
139993,8
140040,6
140092,2
140141,1
140192,8
140240,17
140289,20
140340,27
140390,24
140452,16
140489,16
140540,2
140589,-3
140641,-4
140690,-2
140742,6
140793,18
140841,7
140891,20
140941,26
140994,25
141041,12
141091,9
141141,6
141190,-15
141240,-4
141292,2
141341,7
141397,13
141444,11
141489,19
141540,26
141591,23
141641,21
141692,10
141740,10
141790,7
141841,6
141893,-5
141942,-10
141999,-7
142042,-3
142091,18
142141,28
142192,25
142239,28
142293,28
142340,-161
142391,14
142444,16
142490,-4
142541,-13
142592,1
142641,3
142693,-4
142741,-6
142791,26
142841,32
142892,18
142942,16
142992,18
143041,5
143092,8
143142,12
143192,4
143241,-14
143291,-21
143341,7
143390,7
143445,11
143490,1
143541,9
143592,25
143641,4
143693,6
143740,6
143792,7
143841,2
143892,1
143941,6
143992,5
144041,2
144092,3
144143,2
144192,-3
144242,-9
144291,-7
144341,1
144392,5
144444,10
144488,12
144540,20
144589,22
144640,21
144691,10
144741,6
144792,3
144841,-3
144893,-6
144940,-13
144991,-13
145041,-2
145090,1
145140,7
145196,0
145240,9
145291,10
145342,1
145391,2
145441,-8
145494,-13
145541,-22
145591,-30
145642,-19
145692,-31
145741,-30
145790,-2
145841,-3
145891,-6
145941,-3
145992,-9
146041,-23
146092,-17
146141,-23
146191,-27
146241,-21
146291,-35
146341,-36
146394,-30
146439,-15
146491,-31
146553,-25
146590,-3
146641,-26
146692,-32
146742,-29
146793,-35
146843,-54
146891,-46
146939,-33
146991,-34
147039,-37
147090,-26
147139,-33
147189,-27
147239,-40
147289,-49
147347,-34
147389,-47
147440,-49
147490,-51
147543,-36
147590,-38
147639,-22
147689,-43
147739,-42
147789,-27
147841,-50
147892,-42
147942,-51
147991,-47
148041,-37
148092,-37
148141,-32
148191,-45
148239,-34
148294,-27
148341,-23
148391,-38
148439,-32
148489,-35
148549,-33
148591,-20
148639,-23
148689,-26
148741,-34
148792,-35
148841,-32
148891,-43
148942,-35
148992,-43
149040,-31
149091,-26
149141,-35
149191,-27
149241,-31
149292,-18
149341,-22
149392,-16
149440,-8
149490,-20
149539,-24
149599,-18
149640,-6
149689,-28
149739,-40
149790,-23
149841,-14
149890,14
149940,-26
149992,-30
150041,-28
150092,-16
150143,-20
150191,-25
150242,-34
150290,-15
150341,-9
150392,-28
150440,-30
150489,-26
150541,-31
150592,-27
150654,-31
150690,-32
150741,-26
150791,-28
150841,-30
150896,-34
150941,-23
150990,-37
151039,-35
151089,-41
151141,-36
151191,-31
151241,-25
151291,-27
151341,-40
151391,-68
151439,-54
151492,-48
151540,-47
151591,-60
151641,-58
151705,-63
151739,-63
151792,-47
151841,-62
151893,-56
151941,-84
151992,-44
152039,-78
152093,-75
152141,-63
152192,-54
152242,-55
152291,-75
152342,-72
152390,-79
152439,-69
152493,-73
152543,-61
152591,-63
152640,-44
152705,-62
152739,-61
152791,-61
152842,-58
152891,-61
152941,-55
153002,-51
153040,-40
153094,-49
153140,-48
153191,-44
153242,-53
153292,-45
153342,-40
153391,-35
153440,-40
153492,-40
153542,-37
153590,-30
153640,-32
153705,-28
153739,-33
153791,-36
153840,-34
153891,-32
153942,-30
153993,-32
154040,-25
154093,-20
154141,-18
154191,-10
154240,-11
154291,-17
154341,-18
154393,-13
154439,-14
154492,-18
154540,-21
154591,-18
154641,-19
154723,-17
154741,-19
154792,-21
154840,-16
154892,-15
154940,-23
154992,-20
155040,-30
155093,-27
155143,-32
155192,-25
155241,-25
155291,-26
155342,-37
155393,-30
155440,-36
155491,-33
155542,-48
155593,-69
155641,-39
155690,-29
155756,-38
155789,-45
155841,-45
155894,-51
155941,-50
155992,-19
156041,-55
156093,-54
156142,-36
156191,-43
156242,-44
156291,-38
156341,-63
156391,-71
156443,-57
156490,-69
156541,-69
156594,-51
156642,-58
156691,-60
156770,-54
156789,-52
156839,-58
156894,-60
156941,-61
156992,-50
157042,-53
157090,-52
157141,-50
157192,-50
157242,-56
157290,-59
157341,-47
157397,-46
157441,-53
157489,-48
157540,-45
157593,-44
157641,-39
157690,-39
157742,-38
157803,-34
157840,-31
157891,-37
157941,-38
157993,-23
158041,-27
158091,-30
158141,-29
158191,-26
158241,-33
158290,-24
158341,-26
158391,-21
158442,-12
158491,-16
158541,-21
158593,-18
158641,-13
158693,-20
158743,-15
158790,-16
158867,-19
158889,-16
158942,-11
158993,-23
159043,-20
159097,-22
159141,-17
159191,-30
159241,-23
159292,-25
159341,-27
159393,-25
159440,-22
159491,-21
159541,-16
159592,-23
159640,-14
159693,-21
159741,-24
159793,-21
159841,-15
159894,-17
159939,-26
159989,-33
160040,-18
160089,-22
160139,-43
160189,-33
160239,-37
160289,-14
160340,-41
160391,-32
160440,-45
160491,-55
160542,-43
160593,-37
160642,-46
160691,-44
160742,-55
160790,-42
160841,-62
160911,-38
160939,-28
160997,-74
161042,-46
161092,-61
161141,-51
161191,-66
161240,-55
161291,-65
161341,-65
161390,-48
161440,-60
161490,-62
161542,-58
161591,-56
161641,-58
161690,-65
161741,-66
161793,-60
161841,-49
161892,-44
161952,-50
161990,-57
162041,-47
162091,-156
162142,-33
162192,-46
162242,-39
162291,-42
162340,-44
162396,-27
162440,-30
162491,-32
162541,-42
162591,-36
162641,-31
162692,-30
162741,-17
162792,-21
162841,-34
162891,-26
162954,-31
162991,-36
163041,-21
163091,-16
163143,-22
163191,-16
163243,-16
163290,-16
163341,-20
163391,-20
163439,-18
163490,-29
163541,-20
163591,-18
163641,-19
163693,-11
163740,-9
163792,-23
163841,-23
163892,-32
163941,-34
164015,-21
164039,-17
164095,-22
164142,-23
164191,-27
164241,-20
164292,-14
164341,-25
164391,-22
164439,-31
164493,-31
164542,-30
164592,-33
164642,-28
164692,-28
164742,-31
164794,-55
164841,-41
164891,-43
164941,-40
164991,-43
165047,-44
165091,-46
165141,-50
165191,-44
165243,-49
165295,-52
165340,-63
165392,-55
165440,-61
165492,-75
165541,-64
165592,-46
165642,-53
165692,-40
165741,-49
165796,-56
165842,-41
165891,-59
165941,-45
165993,-55
166058,-45
166090,-48
166142,-36
166191,-44
166241,-41
166292,-45
166340,-29
166395,-46
166440,-39
166490,-36
166541,-38
166592,-28
166642,-31
166690,-38
166741,-28
166791,-26
166842,-25
166892,-28
166941,-21
166994,-29
167055,-29
167090,-27
167141,-18
167192,-21
167241,-19
167294,-12
167339,-15
167391,-6
167440,-9
167491,-14
167541,-17
167591,-29
167642,-16
167693,-38
167742,-22
167792,-18
167841,-24
167892,-19
167942,-27
167996,-16
168054,-23
168090,-16
168140,-11
168192,-4
168240,-10
168291,-9
168343,-7
168391,-17
168440,-12
168491,-12
168542,-16
168592,-14
168643,-25
168691,-25
168741,-17
168793,-26
168842,-34
168893,-29
168940,-44
168992,-46
169060,-38
169090,-56
169141,-54
169196,-54
169241,-85
169292,-24
169341,-70
169389,-64
169441,-53
169490,-67
169541,-67
169591,-60
169640,-53
169692,-42
169740,-47
169792,-5
169841,-22
169891,-37
169941,-40
169991,9
170067,-25
170089,-16
170141,-19
170190,-25
170241,-37
170291,-32
170342,-43
170391,-46
170439,-34
170490,-43
170540,-40
170592,-42
170640,-36
170693,-38
170740,-44
170794,-26
170841,-24
170891,-39
170941,-36
170991,-40
171052,-39
171091,-20
171141,-35
171192,-60
171241,-31
171294,-38
171340,-36
171393,-49
171439,-52
171491,-52
171541,-45
171591,-42
171642,-46
171691,-33
171740,-29
171792,-23
171841,-23
171893,-19
171941,-35
171993,-34
172042,-30
172106,-39
172140,-51
172189,-44
172242,-38
172293,-33
172341,-31
172394,-20
172439,-17
172491,-21
172541,-27
172594,-37
172641,-33
172691,-44
172742,-45
172793,-43
172841,-36
172894,-41
172940,-38
172992,-22
173040,-34
173108,-26
173140,-20
173193,-21
173242,-13
173291,-26
173341,-36
173392,-38
173439,-33
173492,-39
173541,-36
173592,-37
173640,-33
173692,-34
173743,-32
173789,-33
173841,-23
173893,-23
173941,-13
173999,-17
174045,-27
174109,-26
174140,-23
174190,-26
174241,-25
174291,-32
174341,-28
174390,-27
174439,-35
174491,-29
174541,-33
174592,-36
174641,-29
174693,-31
174741,-31
174796,-30
174841,-36
174892,-29
174941,-24
174993,-29
175042,-20
175094,-24
175156,-22
175190,-15
175240,-22
175292,-19
175339,-15
175393,-22
175441,-30
175491,-27
175544,-19
175592,-25
175643,-28
175691,-25
175740,-26
175793,-28
175841,-29
175893,-28
175942,-26
175991,-27
176042,-28
176094,-25
176145,-27
176190,-25
176241,-27
176293,-27
176340,-27
176395,-27
176438,-27
176489,-27
176539,-27
176590,-27
176639,-27
176691,-27
176739,-27
176790,-26
176839,-26
176890,-26
176939,-26
176988,-26
177044,-26
177095,-26
177141,-27
177191,-27
177239,-27
177291,-27
177339,-27
177389,-27
177438,-27
177490,-26
177539,-27
177589,-26
177639,-26
177691,-26
177740,-27
177791,-26
177839,-27
177889,-26
177940,-27
177989,-26
