time,distance
40,5.00031
89,5.00031
140,5.00031
189,5.00031
239,5.00031
290,5.00031
339,5.00031
390,5.00031
439,5.00031
489,5.00031
541,5.00031
589,5.00031
640,5.00031
689,5.00031
739,5.00031
795,5.00031
841,5.00031
889,5.00031
940,5.00031
989,5.00031
1040,5.00031
1089,5.00031
1142,5.00031
1193,5.00031
1241,5.00031
1289,5.00031
1339,5.00031
1390,5.00031
1439,5.00031
1490,5.00031
1539,5.00031
1593,5.00031
1642,5.00031
1692,5.00031
1740,5.00031
1793,5.00031
1839,5.00031
1891,5.00031
1939,5.00031
1990,5.00031
2040,5.00031
2089,5.00031
2141,5.00031
2191,5.00031
2241,5.00031
2291,5.00031
2340,5.00031
2392,5.00031
2439,5.00031
2490,5.00031
2540,5.00031
2590,5.00031
2640,5.00031
2691,5.00031
2741,5.00031
2799,5.00031
2840,5.00031
2889,5.00031
2939,5.00031
2992,5.00031
3042,5.00031
3091,5.00031
3139,5.00031
3192,5.00031
3239,5.00031
3290,5.00031
3339,5.00031
3390,5.00031
3440,5.00031
3491,5.00031
3540,5.00031
3593,5.00031
3639,5.00031
3690,5.00031
3739,5.00031
3812,5.00031
3839,5.00031
3889,5.00031
3940,5.00031
3991,5.00031
4042,5.00031
4089,5.00031
4139,5.00031
4189,5.00031
4240,5.00031
4289,5.00031
4340,5.00031
4392,5.00031
4440,5.00031
4497,5.00031
4540,5.00031
4590,5.00031
4641,5.00031
4690,5.00031
4739,5.00031
4790,5.00031
4846,5.00031
4888,5.00031
4939,5.00031
4989,5.00031
5040,5.00031
5092,5.00031
5139,5.00031
5192,5.00031
5242,5.00031
5290,5.00031
5339,5.00031
5390,5.00031
5439,5.00031
5489,5.00031
5540,5.00031
5590,5.00031
5639,5.00031
5691,5.00031
5742,5.00031
5792,5.00031
5845,5.00031
5890,5.00031
5939,5.00031
5991,5.00031
6040,5.00031
6092,5.00031
6140,5.00031
6190,5.00031
6241,5.00031
6291,5.00031
6341,5.00031
6389,5.00031
6439,5.00031
6490,5.00031
6542,5.00031
6591,5.00031
6640,5.00031
6692,5.00031
6740,5.00031
6789,5.00031
6846,5.00031
6890,5.00031
6940,5.00031
6991,5.00031
7040,5.00031
7090,5.00031
7139,5.00031
7190,5.00031
7239,5.00031
7291,5.00031
7341,5.00031
7389,5.00031
7439,5.00031
7490,5.00031
7540,5.00031
7589,5.00031
7641,5.00031
7690,5.00031
7741,5.00031
7790,5.00031
7862,5.00031
7889,5.00031
7939,5.00031
7992,5.00031
8040,5.00031
8090,5.00031
8140,5.00031
8192,5.00031
8241,5.00031
8292,5.00031
8341,5.00031
8393,5.00031
8440,5.00031
8490,5.00031
8540,5.00031
8591,5.00031
8642,5.00031
8692,5.00031
8743,5.00031
8791,5.00031
8841,5.00031
8898,5.00031
8939,5.00031
8990,5.00031
9040,5.00031
9090,5.00031
9140,5.00031
9190,5.00031
9240,5.00031
9291,5.00031
9340,5.00031
9389,5.00031
9439,5.00031
9492,5.00031
9540,5.00031
9590,5.00031
9640,5.00031
9692,5.00031
9741,5.00031
9790,5.00031
9841,5.00031
9895,5.00031
9939,5.00031
9989,5.00031
10041,5.00031
10090,5.00031
10140,5.00031
10190,5.00031
10242,5.00031
10290,5.00031
10339,5.00031
10392,5.00031
10439,5.00031
10490,5.00031
10539,5.00031
10591,5.00031
10639,5.00031
10691,5.00031
10740,5.00031
10790,5.00031
10840,5.00031
10899,5.00031
10939,5.00031
10989,5.00031
11040,5.00031
11092,5.00031
11139,5.00031
11190,5.00031
11241,5.00031
11290,5.00031
11340,5.00031
11389,5.00031
11439,5.00031
11489,5.00031
11540,5.00031
11590,5.00031
11642,5.00031
11691,5.00031
11741,5.00031
11790,5.00031
11840,5.00031
11891,5.00031
11944,5.00031
11990,5.00031
12039,5.00031
12091,5.00031
12142,5.00031
12192,5.00031
12240,5.00031
12289,5.00031
12340,5.00031
12390,5.00031
12439,5.00031
12490,5.00031
12539,5.00031
12589,5.00031
12640,5.00031
12691,5.00031
12742,5.00031
12791,5.00031
12840,5.00031
12890,5.00031
12947,5.00031
12989,5.00031
13040,5.00031
13092,5.00031
13143,5.00031
13190,5.00031
13239,5.00031
13291,5.00031
13341,5.00031
13389,5.00031
13440,5.00031
13489,5.00031
13540,5.00031
13589,5.00031
13639,5.00031
13689,5.00031
13740,5.00031
13791,5.00031
13839,5.00031
13891,5.00031
13952,5.00031
13989,5.00031
14039,5.00031
14089,5.00031
14139,5.00031
14190,5.00031
14239,5.00031
14290,5.00031
14340,5.00031
14391,5.00031
14440,5.00031
14492,5.00031
14542,5.00031
14591,5.00031
14640,5.00031
14691,5.00031
14741,5.00031
14793,5.00031
14842,5.00031
14891,5.00031
14955,5.00031
14992,5.00031
15039,5.00031
15090,5.00031
15141,5.00031
15191,5.00031
15240,5.00031
15290,5.00031
15340,5.00031
15390,5.00031
15440,5.00031
15491,5.00031
15541,5.00031
15590,5.00031
15639,5.00031
15689,5.00031
15739,5.00031
15792,5.00031
15842,5.00031
15891,5.00031
15952,5.00031
15989,5.00031
16039,5.00031
16091,5.00031
16139,5.00031
16191,5.00031
16240,5.00031
16291,5.00031
16339,5.00031
16389,5.00031
16439,5.00031
16491,5.00031
16539,5.00031
16591,5.00031
16640,5.00031
16693,5.00031
16740,5.00031
16791,5.00031
16839,5.00031
16891,5.00031
16954,5.00031
16990,5.00031
17040,5.00031
17094,5.00031
17140,5.00031
17190,5.00031
17239,5.00031
17289,5.00031
17339,5.00031
17391,5.00031
17441,5.00031
17490,5.00031
17541,5.00031
17593,5.00031
17640,5.00031
17690,5.00031
17741,5.00031
17792,5.00031
17840,5.00031
17890,5.00031
17946,5.00031
17989,5.00031
18039,5.00031
18090,5.00031
18141,5.00031
18190,5.00031
18243,5.00031
18291,5.00031
18340,5.00031
18392,5.00031
18439,5.00031
18492,5.00031
18539,5.00031
18589,5.00031
18639,5.00031
18689,5.00031
18739,5.00031
18790,5.00031
18840,5.00031
18891,5.00031
18945,5.00031
18989,5.00031
19040,5.00031
19089,5.00031
19139,5.00031
19189,5.00031
19239,5.00031
19290,5.00031
19339,5.00031
19391,5.00031
19439,5.00031
19490,5.00031
19539,5.00031
19591,5.00031
19639,5.00031
19691,5.00031
19741,5.00031
19789,5.00031
19841,5.00031
19890,5.00031
19950,5.00031
19989,5.00031
20039,5.00031
20090,5.00031
20141,5.00031
20191,5.00031
20239,5.00031
20291,5.00031
20341,5.00031
20389,5.00031
20439,5.00031
20489,5.00031
20540,5.00031
20590,5.00031
20641,5.00031
20691,5.00031
20741,5.00031
20791,5.00031
20840,5.00031
20890,5.00031
20946,5.00031
20991,5.00031
21039,5.00031
21089,5.00031
21139,5.00031
21188,5.00031
21240,5.00031
21289,5.00031
21339,5.00031
21389,5.00031
21439,5.00031
21489,5.00031
21539,5.00031
21590,5.00031
21642,5.00031
21691,5.00031
21741,5.00031
21790,5.00031
21840,5.00031
21891,5.00031
21939,5.00031
22000,5.00031
22039,5.00031
22089,5.00031
22139,5.00031
22191,5.00031
22240,5.00031
22290,5.00031
22340,5.00031
22389,5.00031
22440,5.00031
22490,5.00031
22541,5.00031
22590,5.00031
22639,5.00031
22690,5.00031
22740,5.00031
22791,5.00031
22841,5.00031
22889,5.00031
22940,5.00031
22996,5.00031
23039,5.00031
23089,5.00031
23139,5.00031
23192,5.00031
23242,5.00031
23292,5.00031
23339,5.00031
23391,5.00031
23440,5.00031
23490,5.00031
23539,5.00031
23592,5.00031
23641,5.00031
23690,5.00031
23740,5.00031
23792,5.00031
23840,5.00031
23889,5.00031
23939,5.00031
23995,5.00031
24039,5.00031
24091,5.00031
24140,5.00031
24189,5.00031
24242,5.00031
24290,5.00031
24340,5.00031
24390,5.00031
24439,5.00031
24489,5.00031
24539,5.00031
24589,5.00031
24639,5.00031
24691,5.00031
24741,5.00031
24789,5.00031
24840,5.00031
24890,5.00031
24940,5.00031
25011,5.00031
25039,5.00031
25090,5.00031
25139,5.00031
25190,5.00031
25241,5.00031
25290,5.00031
25340,5.00031
25394,5.00031
25439,5.00031
25490,5.00031
25539,5.00031
25593,5.00031
25639,5.00031
25692,5.00031
25740,5.00031
25790,5.00031
25840,5.00031
25891,5.00031
25939,5.00031
26002,5.00031
26039,5.00031
26089,5.00031
26139,5.00031
26191,5.00031
26241,5.00031
26290,5.00031
26341,5.00031
26391,5.00031
26440,5.00031
26490,5.00031
26541,5.00031
26589,5.00031
26641,5.00031
26689,5.00031
26741,5.00031
26790,5.00031
26839,5.00031
26890,5.00031
26940,5.00031
27008,5.00031
27039,5.00031
27090,5.00031
27139,5.00031
27190,5.00031
27240,5.00031
27289,5.00031
27341,5.00031
27392,5.00031
27440,5.00031
27489,5.00031
27540,5.00031
27591,5.00031
27640,5.00031
27691,5.00031
27740,5.00031
27790,5.00031
27840,5.00031
27889,5.00031
27939,5.00031
27989,5.00031
28046,5.00031
28090,5.00031
28139,5.00031
28190,5.00031
28240,5.00031
28290,5.00031
28340,5.00031
28391,5.00031
28439,5.00031
28489,5.00031
28540,5.00031
28590,5.00031
28640,5.00031
28691,5.00031
28740,5.00031
28789,5.00031
28839,5.00031
28890,5.00031
28941,5.00031
28990,5.00031
29052,5.00031
29089,5.00031
29139,5.00031
29190,5.00031
29241,5.00031
29290,5.00031
29340,5.00031
29390,5.00031
29439,5.00031
29490,5.00031
29539,5.00031
29591,5.00031
29640,5.00031
29690,5.00031
29740,5.00031
29792,5.00031
29839,5.00031
29891,5.00031
29940,5.00031
29990,5.00031
30039,5.00031
30095,5.00031
30138,5.00031
30190,5.00031
30239,5.00031
30288,5.00031
30338,5.00031
30391,5.00031
30439,5.00031
30489,5.00031
30539,5.00031
30589,5.00031
30639,5.00031
30691,5.00031
30739,5.00031
30790,5.00031
30839,5.00031
30890,5.00031
30940,5.00031
30991,5.00031
31041,5.00031
31089,5.00031
31144,5.00031
31189,5.00031
31239,5.00031
31290,5.00031
31340,5.00031
31390,5.00031
31440,5.00031
31490,5.00031
31541,5.00031
31590,5.00031
31640,5.00031
31690,5.00031
31740,5.00031
31792,5.00031
31840,5.00031
31889,5.00031
31941,5.00031
31991,5.00031
32041,5.00031
32090,5.00031
32139,5.00031
32194,5.00031
32239,5.00031
32289,5.00031
32340,5.00031
32392,5.00031
32439,5.00031
32489,5.00031
32540,5.00031
32589,5.00031
32641,5.00031
32691,5.00031
32740,5.00031
32790,5.00031
32840,5.00031
32890,5.00031
32941,5.00031
32990,5.00031
33043,5.00031
33089,5.00031
33139,5.00031
33199,5.00031
33239,5.00031
33290,5.00031
33339,5.00031
33390,5.00031
33441,5.00031
33491,5.00031
33541,5.00031
33589,5.00031
33641,5.00031
33690,5.00031
33740,5.00031
33789,5.00031
33840,5.00031
33889,5.00031
33940,5.00031
33991,5.00031
34042,5.00031
34090,5.00031
34140,5.00031
34190,5.00031
34245,5.00031
34289,5.00031
34339,5.00031
34390,5.00031
34439,5.00031
34489,5.00031
34539,5.00031
34590,5.00031
34641,5.00031
34690,5.00031
34740,5.00031
34791,5.00031
34839,5.00031
34890,5.00031
34940,5.00031
34990,5.00031
35040,5.00031
35090,5.00031
35139,5.00031
35190,5.00031
35243,5.00031
35289,5.00031
35339,5.00031
35391,5.00031
35440,5.00031
35491,5.00031
35539,5.00031
35589,5.00031
35640,5.00031
35690,5.00031
35740,5.00031
35791,5.00031
35842,5.00031
35890,5.00031
35939,5.00031
35991,5.00031
36040,5.00031
36090,5.00031
36139,5.00031
36190,5.00031
36246,5.00031
36289,5.00031
36339,5.00031
36391,5.00031
36440,5.00031
36492,5.00031
36540,5.00031
36590,5.00031
36640,5.00031
36690,5.00031
36742,5.00031
36790,5.00031
36838,5.00031
36889,5.00031
36939,5.00031
36989,5.00031
37041,5.00031
37091,5.00031
37140,5.00031
37190,5.00031
37240,5.00031
37295,5.00031
37340,5.00031
37390,5.00031
37442,5.00031
37489,5.00031
37540,5.00031
37590,5.00031
37640,5.00031
37691,5.00031
37740,5.00031
37789,5.00031
37840,5.00031
37891,5.00031
37939,5.00031
37991,5.00031
38040,5.00031
38091,5.00031
38140,5.00031
38190,5.00031
38241,5.00031
38290,5.00031
38345,5.00031
38390,5.00031
38439,5.00031
38489,5.00031
38540,5.00031
38589,5.00031
38640,5.00031
38691,5.00031
38740,5.00031
38790,5.00031
38839,5.00031
38890,5.00031
38940,5.00031
38989,5.00031
39040,5.00031
39089,5.00031
39139,5.00031
39189,5.00031
39239,5.00031
39291,5.00031
39344,5.00031
39390,5.00031
39439,5.00031
39490,5.00031
39539,5.00031
39591,5.00031
39640,5.00031
39690,5.00031
39740,5.00031
39789,5.00031
39840,5.00031
39890,5.00031
39939,5.00031
39990,5.00031
40040,5.00031
40090,5.00031
40140,5.00031
40190,5.00031
40240,5.00031
40290,5.00031
40340,5.00031
40394,5.00031
40439,5.00031
40489,5.00031
40539,5.00031
40590,5.00031
40639,5.00031
40690,5.00031
40741,5.00031
40791,5.00031
40839,5.00031
40890,5.00031
40939,5.00031
40990,5.00031
41041,5.00031
41090,5.00031
41140,5.00031
41190,5.00031
41240,5.00031
41290,5.00031
41340,5.00031
41394,5.00031
41439,5.00031
41488,5.00031
41539,5.00031
41590,5.00031
41640,5.00031
41689,5.00031
41739,5.00031
41790,5.00031
41840,5.00031
41891,5.00031
41939,5.00031
41991,5.00031
42041,5.00031
42089,5.00031
42140,5.00031
42191,5.00031
42240,5.00031
42291,5.00031
42340,5.00031
42396,5.00031
42439,5.00031
42489,5.00031
42539,5.00031
42592,5.00031
42640,5.00031
42690,5.00031
42740,5.00031
42791,5.00031
42841,5.00031
42891,5.00031
42940,5.00031
42990,5.00031
43040,5.00031
43089,5.00031
43140,5.00031
43189,5.00031
43239,5.00031
43289,5.00031
43340,5.00031
43413,5.00031
43439,5.00031
43489,5.00031
43539,5.00031
43589,5.00031
43639,5.00031
43691,5.00031
43738,5.00031
43788,5.00031
43841,5.00031
43891,5.00031
43941,5.00031
43993,5.00031
44039,5.00031
44089,5.00031
44141,5.00031
44191,5.00031
44240,5.00031
44292,5.00031
44339,5.00031
44390,5.00031
44441,5.00031
44489,5.00031
44539,5.00031
44592,5.00031
44642,5.00031
44691,5.00031
44739,5.00031
44792,5.00031
44840,5.00031
44891,5.00031
44939,5.00031
44991,5.00031
45040,5.00031
45089,5.00031
45141,5.00031
45191,5.00031
45239,5.00031
45291,5.00031
45341,5.00031
45393,5.00031
45442,5.00031
45489,5.00031
45539,5.00031
45590,5.00031
45639,5.00031
45689,5.00031
45739,5.00031
45789,5.00031
45840,5.00031
45889,5.00031
45939,5.00031
45990,5.00031
46040,5.00031
46089,5.00031
46139,5.00031
46189,5.00031
46239,5.00031
46289,5.00031
46339,5.00031
46391,5.00031
46444,5.00031
46488,5.00031
46539,5.00031
46591,5.00031
46640,5.00031
46692,5.00031
46740,5.00031
46791,5.00031
46840,5.00031
46889,5.00031
46939,5.00031
46989,5.00031
47040,5.00031
47090,5.00031
47140,5.00031
47191,5.00031
47240,5.00031
47291,5.00031
47340,5.00031
47389,5.00031
47441,5.00031
47489,5.00031
47539,5.00031
47590,5.00031
47641,5.00031
47689,5.00031
47740,5.00031
47791,5.00031
47840,5.00031
47891,5.00031
47940,5.00031
47991,5.00031
48038,5.00031
48090,5.00031
48139,5.00031
48189,5.00031
48240,5.00031
48290,5.00031
48339,5.00031
48390,5.00031
48444,5.00031
48489,5.00031
48539,5.00031
48589,5.00031
48640,5.00031
48690,5.00031
48739,5.00031
48790,5.00031
48840,5.00031
48890,5.00031
48941,5.00031
48992,5.00031
49041,5.00031
49091,5.00031
49139,5.00031
49191,5.00031
49241,5.00031
49290,5.00031
49341,5.00031
49392,5.00031
49449,5.00031
49488,5.00031
49539,5.00031
49589,5.00031
49639,5.00031
49691,5.00031
49739,5.00031
49790,5.00031
49842,5.00031
49889,5.00031
49941,5.00031
49990,5.00031
50039,5.00031
50089,5.00031
50140,5.00031
50192,5.00031
50240,5.00031
50291,5.00031
50341,5.00031
50389,5.00031
50443,5.00031
50489,5.00031
50539,5.00031
50591,5.00031
50641,5.00031
50689,5.00031
50739,5.00031
50790,5.00031
50839,5.00031
50889,5.00031
50940,5.00031
50990,5.00031
51040,5.00031
51090,5.00031
51140,5.00031
51191,5.00031
51240,5.00031
51290,5.00031
51339,5.00031
51390,5.00031
51439,5.00031
51499,5.00031
51539,5.00031
51590,5.00031
51639,5.00031
51690,5.00031
51739,5.00031
51791,5.00031
51840,5.00031
51891,5.00031
51941,5.00031
51989,5.00031
52040,5.00031
52090,5.00031
52140,5.00031
52189,5.00031
52239,5.00031
52290,5.00031
52341,5.00031
52390,5.00031
52439,5.00031
52489,5.00031
52542,5.00031
52589,5.00031
52639,5.00031
52689,5.00031
52739,5.00031
52789,5.00031
52840,5.00031
52890,5.00031
52939,5.00031
52990,5.00031
53040,5.00031
53090,5.00031
53139,5.00031
53190,5.00031
53239,5.00031
53291,5.00031
53342,5.00031
53391,5.00031
53439,5.00031
53490,5.00031
53542,5.00031
53589,5.00031
53640,5.00031
53690,5.00031
53739,5.00031
53789,5.00031
53839,5.00031
53889,5.00031
53940,5.00031
53990,5.00031
54040,5.00031
54091,5.00031
54140,5.00031
54189,5.00031
54240,5.00031
54291,5.00031
54339,5.00031
54390,5.00031
54439,5.00031
54488,5.00031
54543,5.00031
54589,5.00031
54639,5.00031
54691,5.00031
54740,5.00031
54791,5.00031
54840,5.00031
54895,5.00031
54940,5.00031
54990,5.00031
55039,5.00031
55089,5.00031
55140,5.00031
55189,5.00031
55240,5.00031
55289,5.00031
55339,5.00031
55391,5.00031
55439,5.00031
55489,5.00031
55539,5.00031
55596,5.00031
55640,5.00031
55689,5.00031
55739,5.00031
55789,5.00031
55839,5.00031
55890,5.00031
55939,5.00031
55989,5.00031
56039,5.00031
56088,5.00031
56139,5.00031
56189,5.00031
56239,5.00031
56288,5.00031
56338,5.00031
56389,5.00031
56439,5.00031
56490,5.00031
56540,5.00031
56600,5.00031
56639,5.00031
56689,5.00031
56739,5.00031
56790,5.00031
56840,5.00031
56889,5.00031
56940,5.00031
56990,5.00031
57040,5.00031
57091,5.00031
57140,5.00031
57189,5.00031
57240,5.00031
57290,5.00031
57340,5.00031
57389,5.00031
57440,5.00031
57490,5.00031
57540,5.00031
57612,5.00031
57640,5.00031
57689,5.00031
57739,5.00031
57789,5.00031
57840,5.00031
57889,5.00031
57940,5.00031
57990,5.00031
58039,5.00031
58089,5.00031
58141,5.00031
58191,5.00031
58239,5.00031
58290,5.00031
58340,5.00031
58389,5.00031
58439,5.00031
58489,5.00031
58542,5.00031
58596,5.00031
58639,5.00031
58689,5.00031
58740,5.00031
58790,5.00031
58841,5.00031
58890,5.00031
58940,5.00031
58990,5.00031
59040,5.00031
59090,5.00031
59139,5.00031
59192,5.00031
59239,5.00031
59290,5.00031
59340,5.00031
59389,5.00031
59440,5.00031
59490,5.00031
59539,5.00031
59594,5.00031
59640,5.00031
59690,5.00031
59739,5.00031
59791,5.00031
59839,5.00031
59889,5.00031
59939,5.00031
59989,5.00031
60039,5.00031
60090,5.00031
60141,5.00031
60192,5.00031
60239,5.00031
60290,5.00031
60340,5.00031
60391,5.00031
60440,5.00031
60491,5.00031
60540,5.00031
60589,5.00031
60649,5.00031
60689,5.00031
60739,5.00031
60791,5.00031
60840,5.00031
60890,5.00031
60940,5.00031
60989,5.00031
61039,5.00031
61090,5.00031
61140,5.00031
61190,5.00031
61239,5.00031
61290,5.00031
61340,5.00031
61390,5.00031
61439,5.00031
61490,5.00031
61539,5.00031
61590,5.00031
61642,5.00031
61689,5.00031
61739,5.00031
61790,5.00031
61841,5.00031
61890,5.00031
61940,5.00031
61991,5.00031
62042,5.00031
62090,5.00031
62139,5.00031
62189,5.00031
62239,5.00031
62291,5.00031
62340,5.00031
62390,5.00031
62439,5.00031
62490,5.00031
62539,5.00031
62591,5.00031
62646,5.00031
62689,5.00031
62739,5.00031
62789,5.00031
62839,5.00031
62889,5.00031
62939,5.00031
62990,5.00031
63040,5.00031
63090,5.00031
63140,5.00031
63190,5.00031
63241,5.00031
63289,5.00031
63340,5.00031
63390,5.00031
63439,5.00031
63491,5.00031
63541,5.00031
63591,5.00031
63640,5.00031
63709,5.00031
63739,5.00031
63790,5.00031
63839,5.00031
63891,5.00031
63939,5.00031
63990,5.00031
64041,5.00031
64090,5.00031
64140,5.00031
64191,5.00031
64240,5.00031
64290,5.00031
64339,5.00031
64390,5.00031
64440,5.00031
64490,5.00031
64540,5.00031
64590,5.00031
64641,5.00031
64693,5.00031
64738,5.00031
64792,5.00031
64839,5.00031
64891,5.00031
64941,5.00031
64989,5.00031
65040,5.00031
65091,5.00031
65139,5.00031
65191,5.00031
65243,5.00031
65290,5.00031
65339,5.00031
65390,5.00031
65439,5.00031
65489,5.00031
65539,5.00031
65590,5.00031
65639,5.00031
65691,5.00031
65744,5.00031
65789,5.00031
65839,5.00031
65889,5.00031
65939,5.00031
65989,5.00031
66039,5.00031
66092,5.00031
66140,5.00031
66190,5.00031
66240,5.00031
66290,5.00031
66340,5.00031
66389,5.00031
66439,5.00031
66492,5.00031
66541,5.00031
66591,5.00031
66641,5.00031
66704,5.00031
66739,5.00031
66791,5.00031
66838,5.00031
66889,5.00031
66939,5.00031
66989,5.00031
67039,5.00031
67091,5.00031
67141,5.00031
67189,5.00031
67241,5.00031
67290,5.00031
67339,5.00031
67388,5.00031
67439,5.00031
67490,5.00031
67539,5.00031
67589,5.00031
67639,5.00031
67692,5.00031
67738,5.00031
67790,5.00031
67839,5.00031
67889,5.00031
67941,5.00031
67988,5.00031
68039,5.00031
68090,5.00031
68140,5.00031
68190,5.00031
68239,5.00031
68290,5.00031
68340,5.00031
68389,5.00031
68439,5.00031
68489,5.00031
68540,5.00031
68589,5.00031
68639,5.00031
68695,5.00031
68740,5.00031
68789,5.00031
68839,5.00031
68890,5.00031
68939,5.00031
68990,5.00031
69040,5.00031
69090,5.00031
69141,5.00031
69189,5.00031
69240,5.00031
69291,5.00031
69339,5.00031
69390,5.00031
69439,5.00031
69489,5.00031
69540,5.00031
69590,5.00031
69639,5.00031
69692,5.00031
69740,5.00031
69789,5.00031
69839,5.00031
69890,5.00031
69939,5.00031
69989,5.00031
70040,5.00031
70091,5.00031
70140,5.00031
70192,5.00031
70241,5.00031
70289,5.00031
70340,5.00031
70390,5.00031
70439,5.00031
70489,5.00031
70540,5.00031
70589,5.00031
70639,5.00031
70693,5.00031
70739,5.00031
70789,5.00031
70839,5.00031
70889,5.00031
70939,5.00031
70989,5.00031
71039,5.00031
71090,5.00031
71139,5.00031
71190,5.00031
71239,5.00031
71289,5.00031
71339,5.00031
71389,5.00031
71439,5.00031
71491,5.00031
71540,5.00031
71591,5.00031
71639,5.00031
71693,5.00031
71739,5.00031
71789,5.00031
71840,5.00031
71890,5.00031
71940,5.00031
71990,5.00031
72040,5.00031
72091,5.00031
72140,5.00031
72190,5.00031
72240,5.00031
72291,5.00031
72341,5.00031
72390,5.00031
72439,5.00031
72490,5.00031
72539,5.00031
72589,5.00031
72639,5.00031
72698,5.00031
72739,5.00031
72789,5.00031
72839,5.00031
72889,5.00031
72940,5.00031
72989,5.00031
73039,5.00031
73089,5.00031
73139,5.00031
73188,5.00031
73239,5.00031
73288,5.00031
73341,5.00031
73389,5.00031
73439,5.00031
73488,5.00031
73539,5.00031
73589,5.00031
73639,5.00031
73688,5.00031
73742,5.00031
73789,5.00031
73839,5.00031
73889,5.00031
73939,5.00031
73990,5.00031
74040,5.00031
74089,5.00031
74140,5.00031
74191,5.00031
74239,5.00031
74289,5.00031
74339,5.00031
74390,5.00031
74440,5.00031
74489,5.00031
74539,5.00031
74590,5.00031
74639,5.00031
74689,5.00031
74740,5.00031
74800,5.00031
74839,5.00031
74889,5.00031
74940,5.00031
74990,5.00031
75041,5.00031
75089,5.00031
75140,5.00031
75189,5.00031
75240,5.00031
75289,5.00031
75339,5.00031
75389,5.00031
75439,5.00031
75495,5.00031
75539,5.00031
75590,5.00031
75639,5.00031
75690,5.00031
75739,5.00031
75793,5.00031
75838,5.00031
75890,5.00031
75939,5.00031
75990,5.00031
76040,5.00031
76089,5.00031
76140,5.00031
76190,5.00031
76239,5.00031
76290,5.00031
76340,5.00031
76389,5.00031
76439,5.00031
76488,5.00031
76538,5.00031
76590,5.00031
76639,5.00031
76691,5.00031
76739,5.00031
76789,5.00031
76848,5.00031
76890,5.00031
76939,5.00031
76990,5.00031
77039,5.00031
77091,5.00031
77141,5.00031
77193,5.00031
77240,5.00031
77290,5.00031
77339,5.00031
77391,5.00031
77439,5.00031
77493,5.00031
77540,5.00031
77591,5.00031
77639,5.00031
77690,5.00031
77739,5.00031
77792,5.00031
77845,5.00031
77889,5.00031
77939,5.00031
77989,5.00031
78040,5.00031
78090,5.00031
78139,5.00031
78192,5.00031
78241,5.00031
78290,5.00031
78340,5.00031
78389,5.00031
78439,5.00031
78490,5.00031
78539,5.00031
78589,5.00031
78640,5.00031
78690,5.00031
78739,5.00031
78791,5.00031
78850,5.00031
78890,5.00031
78939,5.00031
78991,5.00031
79039,5.00031
79091,5.00031
79141,5.00031
79189,5.00031
79239,5.00031
79291,5.00031
79339,5.00031
79390,5.00031
79439,5.00031
79490,5.00031
79539,5.00031
79590,5.00031
79641,5.00031
79690,5.00031
79740,5.00031
79790,5.00031
79843,5.00031
79889,5.00031
79939,5.00031
79990,5.00031
80040,5.00031
80091,5.00031
80140,5.00031
80191,5.00031
80239,5.00031
80290,5.00031
80340,5.00031
80390,5.00031
80439,5.00031
80490,5.00031
80539,5.00031
80590,5.00031
80640,5.00031
80691,5.00031
80741,5.00031
80791,5.00031
80842,5.00031
80889,5.00031
80939,5.00031
80991,5.00031
81040,5.00031
81090,5.00031
81140,5.00031
81191,5.00031
81240,5.00031
81289,5.00031
81340,5.00031
81391,5.00031
81439,5.00031
81489,5.00031
81540,5.00031
81589,5.00031
81639,5.00031
81691,5.00031
81740,5.00031
81790,5.00031
81851,5.00031
81889,5.00031
81940,5.00031
81990,5.00031
82040,5.00031
82091,5.00031
82140,5.00031
82191,5.00031
82239,5.00031
82291,5.00031
82341,5.00031
82391,5.00031
82439,5.00031
82490,5.00031
82541,5.00031
82589,5.00031
82640,5.00031
82690,5.00031
82740,5.00031
82790,5.00031
82856,5.00031
82889,5.00031
82939,5.00031
82990,5.00031
83041,5.00031
83091,5.00031
83139,5.00031
83193,5.00031
83239,5.00031
83289,5.00031
83341,5.00031
83389,5.00031
83439,5.00031
83490,5.00031
83540,5.00031
83590,5.00031
83640,5.00031
83690,5.00031
83739,5.00031
83790,5.00031
83844,5.00031
83889,5.00031
83939,5.00031
83990,5.00031
84041,5.00031
84089,5.00031
84140,5.00031
84189,5.00031
84239,5.00031
84291,5.00031
84340,5.00031
84389,5.00031
84439,5.00031
84491,5.00031
84539,5.00031
84590,5.00031
84641,5.00031
84691,5.00031
84739,5.00031
84790,5.00031
84840,5.00031
84894,5.00031
84939,5.00031
84989,5.00031
85039,5.00031
85090,5.00031
85139,5.00031
85190,5.00031
85239,5.00031
85289,5.00031
85339,5.00031
85390,5.00031
85439,5.00031
85489,5.00031
85541,5.00031
85589,5.00031
85639,5.00031
85690,5.00031
85740,5.00031
85790,5.00031
85840,5.00031
85905,5.00031
85941,5.00031
85989,5.00031
86039,5.00031
86092,5.00031
86141,5.00031
86191,5.00031
86243,5.00031
86290,5.00031
86340,5.00031
86390,5.00031
86439,5.00031
86489,5.00031
86540,5.00031
86590,5.00031
86640,5.00031
86692,5.00031
86740,5.00031
86791,5.00031
86841,5.00031
86900,5.00031
86939,5.00031
86988,5.00031
87040,5.00031
87092,5.00031
87140,5.00031
87190,5.00031
87240,5.00031
87290,5.00031
87339,5.00031
87390,5.00031
87440,5.00031
87491,5.00031
87540,5.00031
87590,5.00031
87639,5.00031
87690,5.00031
87740,5.00031
87790,5.00031
87839,5.00031
87891,5.00031
87945,5.00031
87994,5.00031
88039,5.00031
88090,5.00031
88140,5.00031
88191,5.00031
88239,5.00031
88290,5.00031
88340,5.00031
88389,5.00031
88439,5.00031
88490,5.00031
88540,5.00031
88593,5.00031
88639,5.00031
88691,5.00031
88740,5.00031
88790,5.00031
88840,5.00031
88890,5.00031
88944,5.00031
88989,5.00031
89040,5.00031
89089,5.00031
89139,5.00031
89191,5.00031
89239,5.00031
89290,5.00031
89340,5.00031
89390,5.00031
89439,5.00031
89493,5.00031
89539,5.00031
89591,5.00031
89641,5.00031
89689,5.00031
89740,5.00031
89790,5.00031
89840,5.00031
89889,5.00031
89945,5.00031
89989,5.00031
90040,5.00031
90090,5.00031
90139,5.00031
90189,5.00031
90240,5.00031
90290,5.00031
90342,5.00031
90391,5.00031
90439,5.00031
90491,5.00031
90541,5.00031
90589,5.00031
90639,5.00031
90689,5.00031
90739,5.00031
90791,5.00031
90839,5.00031
90890,5.00031
90939,5.00031
90996,5.00031
91045,5.00031
91089,5.00031
91140,5.00031
91189,5.00031
91244,5.00031
91289,5.00031
91339,5.00031
91389,5.00031
91439,5.00031
91489,5.00031
91539,5.00031
91589,5.00031
91639,5.00031
91690,5.00031
91739,5.00031
91790,5.00031
91840,5.00031
91889,5.00031
91942,5.00031
91989,5.00031
92045,5.00031
92089,5.00031
92140,5.00031
92191,5.00031
92240,5.00031
92289,5.00031
92339,5.00031
92390,5.00031
92439,5.00031
92490,5.00031
92539,5.00031
92590,5.00031
92640,5.00031
92691,5.00031
92739,5.00031
92791,5.00031
92841,5.00031
92889,5.00031
92939,5.00031
92991,5.00031
93044,5.00031
93089,5.00031
93140,5.00031
93191,5.00031
93240,5.00031
93290,5.00031
93340,5.00031
93391,5.00031
93439,5.00031
93490,5.00031
93540,5.00031
93590,5.00031
93639,5.00031
93690,5.00031
93740,5.00031
93789,5.00031
93841,5.00031
93891,5.00031
93939,5.00031
93989,5.00031
94047,5.00031
94088,5.00031
94139,5.00031
94190,5.00031
94239,5.00031
94289,5.00031
94339,5.00031
94389,5.00031
94442,5.00031
94489,5.00031
94539,5.00031
94589,5.00031
94639,5.00031
94689,5.00031
94740,5.00031
94791,5.00031
94839,5.00031
94891,5.00031
94940,5.00031
94991,5.00031
95043,5.00031
95089,5.00031
95139,5.00031
95189,5.00031
95239,5.00031
95289,5.00031
95340,5.00031
95389,5.00031
95439,5.00031
95490,5.00031
95539,5.00031
95591,5.00031
95641,5.00031
95691,5.00031
95739,5.00031
95790,5.00031
95840,5.00031
95890,5.00031
95939,5.00031
95991,5.00031
96044,5.00031
96089,5.00031
96139,5.00031
96191,5.00031
96240,5.00031
96290,5.00031
96339,5.00031
96389,5.00031
96438,5.00031
96489,5.00031
96540,5.00031
96591,5.00031
96641,5.00031
96692,5.00031
96739,5.00031
96790,5.00031
96839,5.00031
96890,5.00031
96940,5.00031
96989,5.00031
97049,5.00031
97088,5.00031
97139,5.00031
97191,5.00031
97242,5.00031
97289,5.00031
97340,5.00031
97389,5.00031
97439,5.00031
97491,5.00031
97539,5.00031
97590,5.00031
97639,5.00031
97691,5.00031
97740,5.00031
97791,5.00031
97839,5.00031
97891,5.00031
97940,5.00031
97991,5.00031
98055,5.00031
98089,5.00031
98140,5.00031
98190,5.00031
98239,5.00031
98290,5.00031
98340,5.00031
98391,5.00031
98439,5.00031
98490,5.00031
98539,5.00031
98589,5.00031
98641,5.00031
98691,5.00031
98740,5.00031
98790,5.00031
98840,5.00031
98891,5.00031
98941,5.00031
98989,5.00031
99044,5.00031
99089,5.00031
99139,5.00031
99189,5.00031
99239,5.00031
99290,5.00031
99339,5.00031
99389,5.00031
99439,5.00031
99490,5.00031
99539,5.00031
99595,5.00031
99640,5.00031
99691,5.00031
99741,5.00031
99792,5.00031
99839,5.00031
99890,5.00031
99939,5.00031
99991,5.00031
100039,5.00031
100096,5.00031
100140,5.00031
100189,5.00031
100239,5.00031
100291,5.00031
100340,5.00031
100390,5.00031
100440,5.00031
100490,5.00031
100541,5.00031
100591,5.00031
100639,5.00031
100690,5.00031
100745,5.00031
100789,5.00031
100839,5.00031
100889,5.00031
100939,5.00031
100991,5.00031
101040,5.00031
101096,5.00031
101139,5.00031
101189,5.00031
101240,5.00031
101290,5.00031
101340,5.00031
101391,5.00031
101439,5.00031
101489,5.00031
101540,5.00031
101590,5.00031
101642,5.00031
101689,5.00031
101739,5.00031
101789,5.00031
101839,5.00031
101890,5.00031
101940,5.00031
101989,5.00031
102041,5.00031
102098,5.00031
102139,5.00031
102189,5.00031
102239,5.00031
102291,5.00031
102340,5.00031
102390,5.00031
102440,5.00031
102491,5.00031
102541,5.00031
102589,5.00031
102639,5.00031
102690,5.00031
102740,5.00031
102790,5.00031
102840,5.00031
102890,5.00031
102940,5.00031
102990,5.00031
103039,5.00031
103097,5.00031
103139,5.00031
103191,5.00031
103240,5.00031
103290,5.00031
103339,5.00031
103389,5.00031
103440,5.00031
103491,5.00031
103540,5.00031
103589,5.00031
103641,5.00031
103691,5.00031
103740,5.00031
103791,5.00031
103839,5.00031
103890,5.00031
103940,5.00031
103991,5.00031
104039,5.00031
104101,5.00031
104139,5.00031
104189,5.00031
104239,5.00031
104289,5.00031
104340,5.00031
104392,5.00031
104445,5.00031
104489,5.00031
104539,5.00031
104590,5.00031
104639,5.00031
104691,5.00031
104739,5.00031
104791,5.00031
104840,5.00031
104891,5.00031
104941,5.00031
104990,5.00031
105040,5.00031
105108,5.00031
105139,5.00031
105190,5.00031
105239,5.00031
105290,5.00031
105340,5.00031
105390,5.00031
105440,5.00031
105490,5.00031
105539,5.00031
105590,5.00031
105640,5.00031
105691,5.00031
105740,5.00031
105790,5.00031
105840,5.00031
105890,5.00031
105940,5.00031
105990,5.00031
106040,5.00031
106104,5.00031
106139,5.00031
106188,5.00031
106239,5.00031
106289,5.00031
106340,5.00031
106390,5.00031
106439,5.00031
106489,5.00031
106539,5.00031
106591,5.00031
106640,5.00031
106690,5.00031
106741,5.00031
106791,5.00031
106839,5.00031
106890,5.00031
106940,5.00031
106989,5.00031
107041,5.00031
107097,5.00031
107139,5.00031
107189,5.00031
107240,5.00031
107290,5.00031
107339,5.00031
107389,5.00031
107438,5.00031
107491,5.00031
107542,5.00031
107590,5.00031
107640,5.00031
107691,5.00031
107739,5.00031
107793,5.00031
107841,5.00031
107890,5.00031
107940,5.00031
107991,5.00031
108040,5.00031
108101,5.00031
108140,5.00031
108189,5.00031
108239,5.00031
108289,5.00031
108339,5.00031
108389,5.00031
108439,5.00031
108491,5.00031
108541,5.00031
108591,5.00031
108639,5.00031
108690,5.00031
108739,5.00031
108789,5.00031
108839,5.00031
108888,5.00031
108939,5.00031
108990,5.00031
109041,5.00031
109095,5.00031
109140,5.00031
109190,5.00031
109240,5.00031
109290,5.00031
109340,5.00031
109390,5.00031
109440,5.00031
109489,5.00031
109541,5.00031
109589,5.00031
109640,5.00031
109691,5.00031
109741,5.00031
109791,5.00031
109839,5.00031
109890,5.00031
109942,5.00031
109990,5.00031
110039,5.00031
110100,5.00031
110139,5.00031
110189,5.00031
110240,5.00031
110290,5.00031
110339,5.00031
110390,5.00031
110439,5.00031
110491,5.00031
110540,5.00031
110590,5.00031
110640,5.00031
110691,5.00031
110739,5.00031
110790,5.00031
110840,5.00031
110890,5.00031
110940,5.00031
110989,5.00031
111040,5.00031
111093,5.00031
111139,5.00031
111189,5.00031
111239,5.00031
111290,5.00031
111340,5.00031
111389,5.00031
111439,5.00031
111489,5.00031
111539,5.00031
111590,5.00031
111640,5.00031
111689,5.00031
111739,5.00031
111790,5.00031
111839,5.00031
111892,5.00031
111940,5.00031
111989,5.00031
112041,5.00031
112100,5.00031
112139,5.00031
112191,5.00031
112243,5.00031
112289,5.00031
112339,5.00031
112390,5.00031
112440,5.00031
112489,5.00031
112539,5.00031
112591,5.00031
112641,5.00031
112690,5.00031
112741,5.00031
112789,5.00031
112840,5.00031
112891,5.00031
112939,5.00031
112990,5.00031
113040,5.00031
113109,5.00031
113139,5.00031
113189,5.00031
113240,5.00031
113292,5.00031
113341,5.00031
113398,5.00031
113439,5.00031
113489,5.00031
113540,5.00031
113590,5.00031
113640,5.00031
113689,5.00031
113740,5.00031
113789,5.00031
113840,5.00031
113890,5.00031
113940,5.00031
113989,5.00031
114040,5.00031
114095,5.00031
114139,5.00031
114190,5.00031
114239,5.00031
114289,5.00031
114340,5.00031
114389,5.00031
114440,5.00031
114489,5.00031
114540,5.00031
114589,5.00031
114640,5.00031
114690,5.00031
114739,5.00031
114791,5.00031
114839,5.00031
114890,5.00031
114939,5.00031
114989,5.00031
115039,5.00031
115091,5.00031
115143,5.00031
115189,5.00031
115239,5.00031
115291,5.00031
115340,5.00031
115390,5.00031
115439,5.00031
115491,5.00031
115540,5.00031
115590,5.00031
115639,5.00031
115689,5.00031
115738,5.00031
115789,5.00031
115839,5.00031
115890,5.00031
115939,5.00031
115989,5.00031
116039,5.00031
116091,5.00031
116142,5.00031
116191,5.00031
116239,5.00031
116289,5.00031
116339,5.00031
116390,5.00031
116439,5.00031
116489,5.00031
116539,5.00031
116590,5.00031
116640,5.00031
116690,5.00031
116740,5.00031
116790,5.00031
116840,5.00031
116889,5.00031
116939,5.00031
116990,5.00031
117039,5.00031
117089,5.00031
117142,5.00031
117190,5.00031
117239,5.00031
117289,5.00031
117339,5.00031
117391,5.00031
117441,5.00031
117489,5.00031
117539,5.00031
117591,5.00031
117639,5.00031
117689,5.00031
117740,5.00031
117790,5.00031
117840,5.00031
117889,5.00031
117940,5.00031
117990,5.00031
118039,5.00031
118089,5.00031
118145,5.00031
118189,5.00031
118240,5.00031
118291,5.00031
118340,5.00031
118390,5.00031
118440,5.00031
118489,5.00031
118539,5.00031
118590,5.00031
118639,5.00031
118689,5.00031
118741,5.00031
118794,5.00031
118840,5.00031
118890,5.00031
118939,5.00031
118991,5.00031
119040,5.00031
119089,5.00031
119143,5.00031
119189,5.00031
119240,5.00031
119289,5.00031
119340,5.00031
119389,5.00031
119440,5.00031
119491,5.00031
119541,5.00031
119589,5.00031
119640,5.00031
119689,5.00031
119739,5.00031
119789,5.00031
119839,5.00031
119890,5.00031
119939,5.00031
119991,5.00031
120039,5.00031
120091,5.00031
120143,5.00031
120189,5.00031
120239,5.00031
120293,5.00031
120339,5.00031
120392,5.00031
120439,5.00031
120489,5.00031
120539,5.00031
120590,5.00031
120639,5.00031
120690,5.00031
120740,5.00031
120793,5.00031
120839,5.00031
120890,5.00031
120939,5.00031
120989,5.00031
121039,5.00031
121090,5.00031
121141,5.00031
121189,5.00031
121239,5.00031
121289,5.00031
121339,5.00031
121389,5.00031
121439,5.00031
121491,5.00031
121539,5.00031
121589,5.00031
121639,5.00031
121689,5.00031
121739,5.00031
121791,5.00031
121842,5.00031
121890,5.00031
121940,5.00031
121989,5.00031
122041,5.00031
122090,5.00031
122152,5.00031
122189,5.00031
122241,5.00031
122292,5.00031
122340,5.00031
122392,5.00031
122439,5.00031
122491,5.00031
122541,5.00031
122592,5.00031
122642,5.00031
122690,5.00031
122742,5.00031
122791,5.00031
122841,5.00031
122893,5.00031
122941,5.00031
122991,5.00031
123040,5.00031
123091,5.00031
123160,5.00031
123192,5.00031
123242,5.00031
123292,5.00031
123341,5.00031
123392,5.00031
123440,5.00031
123489,5.00031
123539,5.00031
123589,5.00031
123640,5.00031
123691,5.00031
123741,5.00031
123792,5.00031
123841,5.00031
123892,5.00031
123941,5.00031
123992,5.00031
124042,5.00031
124089,5.00031
124150,5.00031
124190,5.00031
124242,5.00031
124292,5.00031
124342,5.00031
124390,5.00031
124439,5.00031
124490,5.00031
124541,5.00031
124591,5.00031
124640,5.00031
124693,5.00031
124741,5.00031
124791,5.00031
124840,5.00031
124891,5.00031
124940,5.00031
124991,5.00031
125041,5.00031
125091,5.00031
125149,5.00031
125190,5.00031
125240,5.00031
125291,5.00031
125341,5.00031
125390,5.00031
125439,5.00031
125489,5.00031
125539,5.00031
125589,5.00031
125640,5.00031
125691,5.00031
125740,5.00031
125791,5.00031
125841,5.00031
125891,5.00031
125941,5.00031
125991,5.00031
126040,5.00031
126090,5.00031
126139,5.00031
126191,5.00031
126239,5.00031
126288,5.00031
126340,5.00031
126389,5.00031
126439,5.00031
126490,5.00031
126539,5.00031
126591,5.00031
126643,5.00031
126691,5.00031
126740,5.00031
126792,5.00031
126842,5.00031
126894,5.00031
126940,5.00031
126992,5.00031
127040,5.00031
127092,5.00031
127141,5.00031
127210,5.00031
127241,5.00031
127289,5.00031
127341,5.00031
127392,5.00031
127439,5.00031
127489,5.00031
127539,5.00031
127591,5.00031
127644,5.00031
127690,5.00031
127739,5.00031
127791,5.00031
127841,5.00031
127892,5.00031
127940,5.00031
127993,5.00031
128040,5.00031
128092,5.00031
128140,5.00031
128209,5.00031
128240,5.00031
128290,5.00031
128340,5.00031
128390,5.00031
128440,5.00031
128491,5.00031
128541,5.00031
128595,5.00031
128643,5.00031
128691,5.00031
128741,5.00031
128792,5.00031
128843,5.00031
128891,5.00031
128943,5.00031
128992,5.00031
129043,5.00031
129093,5.00031
129141,5.00031
129191,5.00031
129262,5.00031
129289,5.00031
129341,5.00031
129390,5.00031
129439,5.00031
129490,5.00031
129539,5.00031
129589,5.00031
129641,5.00031
129692,5.00031
129741,5.00031
129793,5.00031
129842,5.00031
129892,5.00031
129941,5.00031
129991,5.00031
130040,5.00031
130091,5.00031
130141,5.00031
130192,5.00031
130260,5.00031
130289,5.00031
130341,5.00031
130390,5.00031
130440,5.00031
130492,5.00031
130540,5.00031
130592,5.00031
130641,5.00031
130691,5.00031
130742,5.00031
130789,5.00031
130839,5.00031
130889,5.00031
130939,5.00031
130991,5.00031
131041,5.00031
131090,5.00031
131140,5.00031
131191,5.00031
131255,5.00031
131291,5.00031
131341,5.00031
131391,5.00031
131439,5.00031
131491,5.00031
131541,5.00031
131592,5.00031
131642,5.00031
131691,5.00031
131742,5.00031
131794,5.00031
131841,5.00031
131895,5.00031
131940,5.00031
131991,5.00031
132041,5.00031
132093,5.00031
132142,5.00031
132191,5.00031
132240,5.00031
132305,5.00031
132340,5.00031
132389,5.00031
132444,5.00031
132490,5.00031
132541,5.00031
132592,5.00031
132641,5.00031
132691,5.00031
132741,5.00031
132789,5.00031
132842,5.00031
132891,5.00031
132941,5.00031
132991,5.00031
133041,5.00031
133090,5.00031
133141,5.00031
133192,5.00031
133240,5.00031
133304,5.00031
133340,5.00031
133392,5.00031
133440,5.00031
133490,5.00031
133540,5.00031
133594,5.00031
133640,5.00031
133692,5.00031
133741,5.00031
133793,5.00031
133842,5.00031
133893,5.00031
133941,5.00031
133992,5.00031
134041,5.00031
134092,5.00031
134141,5.00031
134190,5.00031
134241,5.00031
134292,5.00031
134360,5.00031
134389,5.00031
134440,5.00031
134493,5.00031
134540,5.00031
134591,5.00031
134641,5.00031
134692,5.00031
134741,5.00031
134791,5.00031
134842,5.00031
134898,5.00031
134941,5.00031
134993,5.00031
135041,5.00031
135091,5.00031
135140,5.00031
135191,5.00031
135241,5.00031
135294,5.00031
135362,5.00031
135389,5.00031
135440,5.00031
135490,5.00031
135540,5.00031
135590,5.00031
135640,5.00031
135691,5.00031
135741,5.00031
135792,5.00031
135841,5.00031
135894,5.00031
135940,5.00031
135992,5.00031
136041,5.00031
136093,5.00031
136141,5.00031
136190,5.00031
136241,5.00031
136292,5.00031
136355,5.00031
136390,5.00031
136440,5.00031
136491,5.00031
136541,5.00031
136592,5.00031
136641,5.00031
136691,5.00031
136741,5.00031
136791,5.00031
136843,5.00031
136891,5.00031
136942,5.00031
136990,5.00031
137041,5.00031
137093,5.00031
137142,5.00031
137190,5.00031
137241,5.00031
137292,5.00031
137348,5.00031
137390,5.00031
137440,5.00031
137491,5.00031
137541,5.00031
137591,5.00031
137642,5.00031
137691,5.00031
137741,5.00031
137793,5.00031
137842,5.00031
137891,5.00031
137942,5.00031
137991,5.00031
138042,5.00031
138094,5.00031
138142,5.00031
138192,5.00031
138243,5.00031
138291,5.00031
138340,5.00031
138403,5.00031
138439,5.00031
138489,5.00031
138542,5.00031
138591,5.00031
138642,5.00031
138691,5.00031
138741,5.00031
138793,5.00031
138841,5.00031
138891,5.00031
138942,5.00031
138992,5.00031
139043,5.00031
139092,5.00031
139143,5.00031
139191,5.00031
139243,5.00031
139292,5.00031
139343,5.00031
139409,5.00031
139439,5.00031
139490,5.00031
139541,5.00031
139591,5.00031
139644,5.00031
139696,5.00031
139741,5.00031
139793,5.00031
139841,5.00031
139893,5.00031
139942,5.00031
139993,5.00031
140040,5.00031
140092,5.00031
140141,5.00031
140192,5.00031
140240,5.00031
140289,5.00031
140340,5.00031
140390,5.00031
140452,5.00031
140489,5.00031
140540,5.00031
140589,5.00031
140641,5.00031
140690,5.00031
140742,5.00031
140793,5.00031
140841,5.00031
140891,5.00031
140941,5.00031
140994,5.00031
141041,5.00031
141091,5.00031
141141,5.00031
141190,5.00031
141240,5.00031
141292,5.00031
141341,5.00031
141396,5.00031
141444,5.00031
141489,5.00031
141540,5.00031
141591,5.00031
141641,5.00031
141692,5.00031
141740,5.00031
141790,5.00031
141841,5.00031
141893,5.00031
141942,5.00031
141999,5.00031
142042,5.00031
142091,5.00031
142141,5.00031
142192,5.00031
142239,5.00031
142293,5.00031
142340,5.00031
142391,5.00031
142444,5.00031
142490,5.00031
142541,5.00031
142592,5.00031
142641,5.00031
142693,5.00031
142741,5.00031
142791,5.00031
142841,5.00031
142892,5.00031
142942,5.00031
142992,5.00031
143041,5.00031
143092,5.00031
143142,5.00031
143192,5.00031
143241,5.00031
143291,5.00031
143341,5.00031
143390,5.00031
143445,5.00031
143490,5.00031
143541,5.00031
143592,5.00031
143641,5.00031
143692,5.00031
143740,5.00031
143792,5.00031
143841,5.00031
143892,5.00031
143941,5.00031
143992,5.00031
144041,5.00031
144092,5.00031
144143,5.00031
144192,5.00031
144242,5.00031
144291,5.00031
144341,5.00031
144392,5.00031
144444,5.00031
144488,5.00031
144540,5.00031
144589,5.00031
144640,5.00031
144691,5.00031
144741,5.00031
144792,5.00031
144841,5.00031
144893,5.00031
144940,5.00031
144991,5.00031
145041,5.00031
145090,5.00031
145140,5.00031
145196,5.00031
145240,5.00031
145291,5.00031
145341,5.00031
145391,5.00031
145441,5.00031
145494,5.00031
145540,5.00031
145591,5.00031
145642,5.00031
145692,5.00031
145741,5.00031
145790,5.00031
145841,5.00031
145891,5.00031
145941,5.00031
145992,5.00031
146041,5.00031
146092,5.00031
146141,5.00031
146191,5.00031
146241,5.00031
146291,5.00031
146341,5.00031
146394,5.00031
146439,5.00031
146491,5.00031
146553,5.00031
146590,5.00031
146641,5.00031
146692,5.00031
146742,5.00031
146793,5.00031
146843,5.00031
146891,5.00031
146939,5.00031
146991,5.00031
147039,5.00031
147090,5.00031
147139,5.00031
147189,5.00031
147239,5.00031
147289,5.00031
147347,5.00031
147389,5.00031
147440,5.00031
147490,5.00031
147543,5.00031
147590,5.00031
147639,5.00031
147689,5.00031
147739,5.00031
147789,5.00031
147841,5.00031
147892,5.00031
147942,5.00031
147991,5.00031
148041,5.00031
148092,5.00031
148141,5.00031
148190,5.00031
148238,5.00031
148294,5.00031
148341,5.00031
148391,5.00031
148439,5.00031
148489,5.00031
148549,5.00031
148591,5.00031
148639,5.00031
148689,5.00031
148741,5.00031
148792,5.00031
148841,5.00031
148891,5.00031
148942,5.00031
148992,5.00031
149039,5.00031
149091,5.00031
149141,5.00031
149191,5.00031
149241,5.00031
149291,5.00031
149341,5.00031
149392,5.00031
149440,5.00031
149489,5.00031
149539,5.00031
149598,5.00031
149640,5.00031
149689,5.00031
149739,5.00031
149790,5.00031
149841,5.00031
149890,5.00031
149940,5.00031
149992,5.00031
150041,5.00031
150092,5.00031
150143,5.00031
150191,5.00031
150241,5.00031
150290,5.00031
150341,5.00031
150392,5.00031
150440,5.00031
150489,5.00031
150541,5.00031
150592,5.00031
150654,5.00031
150690,5.00031
150741,5.00031
150791,5.00031
150841,5.00031
150896,5.00031
150941,5.00031
150990,5.00031
151039,5.00031
151089,5.00031
151141,5.00031
151191,5.00031
151241,5.00031
151291,5.00031
151341,5.00031
151390,5.00031
151439,5.00031
151492,5.00031
151540,5.00031
151591,5.00031
151641,5.00031
151705,5.00031
151739,5.00031
151791,5.00031
151841,5.00031
151892,5.00031
151941,5.00031
151992,5.00031
152039,5.00031
152093,5.00031
152141,5.00031
152192,5.00031
152242,5.00031
152291,5.00031
152342,5.00031
152390,5.00031
152439,5.00031
152493,5.00031
152543,5.00031
152590,5.00031
152640,5.00031
152705,5.00031
152739,5.00031
152791,5.00031
152842,5.00031
152891,5.00031
152941,5.00031
153002,5.00031
153040,5.00031
153094,5.00031
153140,5.00031
153190,5.00031
153242,5.00031
153292,5.00031
153342,5.00031
153391,5.00031
153440,5.00031
153492,5.00031
153542,5.00031
153589,5.00031
153640,5.00031
153705,5.00031
153739,5.00031
153791,5.00031
153840,5.00031
153891,5.00031
153942,5.00031
153993,5.00031
154040,5.00031
154093,5.00031
154141,5.00031
154191,5.00031
154240,5.00031
154291,5.00031
154341,5.00031
154393,5.00031
154439,5.00031
154492,5.00031
154540,5.00031
154591,5.00031
154641,5.00031
154723,5.00031
154741,5.00031
154792,5.00031
154840,5.00031
154892,5.00031
154940,5.00031
154992,5.00031
155040,5.00031
155092,5.00031
155143,5.00031
155192,5.00031
155241,5.00031
155291,5.00031
155342,5.00031
155393,5.00031
155440,5.00031
155491,5.00031
155542,5.00031
155593,5.00031
155641,5.00031
155690,5.00031
155756,5.00031
155789,5.00031
155841,5.00031
155894,5.00031
155941,5.00031
155992,5.00031
156041,5.00031
156092,5.00031
156142,5.00031
156191,5.00031
156242,5.00031
156290,5.00031
156340,5.00031
156390,5.00031
156443,5.00031
156490,5.00031
156541,5.00031
156594,5.00031
156642,5.00031
156691,5.00031
156770,5.00031
156789,5.00031
156839,5.00031
156894,5.00031
156941,5.00031
156992,5.00031
157042,5.00031
157090,5.00031
157141,5.00031
157192,5.00031
157242,5.00031
157290,5.00031
157341,5.00031
157397,5.00031
157441,5.00031
157489,5.00031
157540,5.00031
157593,5.00031
157641,5.00031
157690,5.00031
157742,5.00031
157803,5.00031
157840,5.00031
157891,5.00031
157941,5.00031
157993,5.00031
158040,5.00031
158091,5.00031
158141,5.00031
158191,5.00031
158241,5.00031
158290,5.00031
158341,5.00031
158391,5.00031
158442,5.00031
158491,5.00031
158541,5.00031
158593,5.00031
158641,5.00031
158693,5.00031
158743,5.00031
158790,5.00031
158867,5.00031
158889,5.00031
158942,5.00031
158993,5.00031
159043,5.00031
159097,5.00031
159141,5.00031
159191,5.00031
159240,5.00031
159292,5.00031
159341,5.00031
159393,5.00031
159440,5.00031
159490,5.00031
159541,5.00031
159592,5.00031
159640,5.00031
159693,5.00031
159741,5.00031
159792,5.00031
159841,5.00031
159894,5.00031
159939,5.00031
159989,5.00031
160040,5.00031
160089,5.00031
160139,5.00031
160189,5.00031
160239,5.00031
160289,5.00031
160340,5.00031
160391,5.00031
160440,5.00031
160491,5.00031
160542,5.00031
160593,5.00031
160641,5.00031
160691,5.00031
160742,5.00031
160790,5.00031
160841,5.00031
160911,5.00031
160939,5.00031
160996,5.00031
161042,5.00031
161091,5.00031
161141,5.00031
161191,5.00031
161240,5.00031
161291,5.00031
161341,5.00031
161390,5.00031
161440,5.00031
161490,5.00031
161542,5.00031
161591,5.00031
161641,5.00031
161690,5.00031
161741,5.00031
161793,5.00031
161841,5.00031
161892,5.00031
161952,5.00031
161990,5.00031
162041,5.00031
162091,5.00031
162142,5.00031
162192,5.00031
162242,5.00031
162291,5.00031
162340,5.00031
162396,5.00031
162440,5.00031
162491,5.00031
162541,5.00031
162591,5.00031
162641,5.00031
162692,5.00031
162741,5.00031
162791,5.00031
162841,5.00031
162891,5.00031
162954,5.00031
162991,5.00031
163040,5.00031
163091,5.00031
163143,5.00031
163191,5.00031
163243,5.00031
163290,5.00031
163341,5.00031
163391,5.00031
163439,5.00031
163490,5.00031
163541,5.00031
163591,5.00031
163641,5.00031
163693,5.00031
163740,5.00031
163792,5.00031
163841,5.00031
163892,5.00031
163941,5.00031
164014,5.00031
164039,5.00031
164095,5.00031
164141,5.00031
164191,5.00031
164241,5.00031
164292,5.00031
164341,5.00031
164391,5.00031
164439,5.00031
164493,5.00031
164542,5.00031
164592,5.00031
164642,5.00031
164692,5.00031
164741,5.00031
164794,5.00031
164841,5.00031
164891,5.00031
164941,5.00031
164991,5.00031
165047,5.00031
165090,5.00031
165140,5.00031
165191,5.00031
165243,5.00031
165295,5.00031
165340,5.00031
165392,5.00031
165440,5.00031
165492,5.00031
165540,5.00031
165592,5.00031
165642,5.00031
165691,5.00031
165740,5.00031
165796,5.00031
165842,5.00031
165891,5.00031
165941,5.00031
165993,5.00031
166057,5.00031
166090,5.00031
166141,5.00031
166191,5.00031
166241,5.00031
166292,5.00031
166340,5.00031
166395,5.00031
166440,5.00031
166490,5.00031
166541,5.00031
166592,5.00031
166642,5.00031
166690,5.00031
166741,5.00031
166791,5.00031
166842,5.00031
166892,5.00031
166941,5.00031
166994,5.00031
167055,5.00031
167090,5.00031
167141,5.00031
167192,5.00031
167241,5.00031
167294,5.00031
167339,5.00031
167391,5.00031
167440,5.00031
167491,5.00031
167541,5.00031
167591,5.00031
167642,5.00031
167692,5.00031
167742,5.00031
167792,5.00031
167841,5.00031
167892,5.00031
167942,5.00031
167995,5.00031
168054,5.00031
168090,5.00031
168140,5.00031
168192,5.00031
168240,5.00031
168291,5.00031
168343,5.00031
168391,5.00031
168440,5.00031
168491,5.00031
168542,5.00031
168592,5.00031
168643,5.00031
168691,5.00031
168741,5.00031
168793,5.00031
168842,5.00031
168893,5.00031
168940,5.00031
168992,5.00031
169060,5.00031
169090,5.00031
169141,5.00031
169196,5.00031
169241,5.00031
169292,5.00031
169341,5.00031
169389,5.00031
169441,5.00031
169490,5.00031
169541,5.00031
169591,5.00031
169640,5.00031
169692,5.00031
169740,5.00031
169792,5.00031
169841,5.00031
169891,5.00031
169940,5.00031
169991,5.00031
170067,5.00031
170089,5.00031
170141,5.00031
170190,5.00031
170241,5.00031
170291,5.00031
170342,5.00031
170391,5.00031
170439,5.00031
170490,5.00031
170540,5.00031
170592,5.00031
170640,5.00031
170692,5.00031
170739,5.00031
170794,5.00031
170841,5.00031
170891,5.00031
170941,5.00031
170991,5.00031
171052,5.00031
171091,5.00031
171141,5.00031
171192,5.00031
171240,5.00031
171294,5.00031
171340,5.00031
171393,5.00031
171439,5.00031
171491,5.00031
171541,5.00031
171591,5.00031
171642,5.00031
171691,5.00031
171740,5.00031
171792,5.00031
171841,5.00031
171893,5.00031
171940,5.00031
171993,5.00031
172041,5.00031
172106,5.00031
172139,5.00031
172189,5.00031
172242,5.00031
172292,5.00031
172341,5.00031
172393,5.00031
172439,5.00031
172491,5.00031
172541,5.00031
172594,5.00031
172641,5.00031
172691,5.00031
172742,5.00031
172793,5.00031
172841,5.00031
172894,5.00031
172940,5.00031
172992,5.00031
173040,5.00031
173108,5.00031
173140,5.00031
173193,5.00031
173242,5.00031
173291,5.00031
173341,5.00031
173392,5.00031
173439,5.00031
173492,5.00031
173541,5.00031
173591,5.00031
173640,5.00031
173692,5.00031
173742,5.00031
173789,5.00031
173841,5.00031
173893,5.00031
173941,5.00031
173999,5.00031
174045,5.00031
174109,5.00031
174140,5.00031
174190,5.00031
174241,5.00031
174291,5.00031
174341,5.00031
174390,5.00031
174439,5.00031
174491,5.00031
174541,5.00031
174592,5.00031
174641,5.00031
174693,5.00031
174741,5.00031
174796,5.00031
174841,5.00031
174891,5.00031
174941,5.00031
174993,5.00031
175041,5.00031
175093,5.00031
175156,5.00031
175190,5.00031
175240,5.00031
175292,5.00031
175339,5.00031
175393,5.00031
175440,5.00031
175491,5.00031
175544,5.00031
175592,5.00031
175643,5.00031
175690,5.00031
175740,5.00031
175793,5.00031
175841,5.00031
175893,5.00031
175941,5.00031
175991,5.00031
176042,5.00031
176094,5.00031
176145,5.00031
176190,5.00031
176241,5.00031
176292,5.00031
176340,5.00031
176395,5.00031
176438,5.00031
176489,5.00031
176539,5.00031
176590,5.00031
176639,5.00031
176691,5.00031
176739,5.00031
176790,5.00031
176839,5.00031
176890,5.00031
176939,5.00031
176988,5.00031
177044,5.00031
177095,5.00031
177141,5.00031
177191,5.00031
177239,5.00031
177291,5.00031
177339,5.00031
177388,5.00031
177438,5.00031
177490,5.00031
177539,5.00031
177589,5.00031
177639,5.00031
177691,5.00031
177740,5.00031
177791,5.00031
177839,5.00031
177889,5.00031
177940,5.00031
177989,5.00031
