time,dB(SPL)
33,25.57507
83,57.60484
133,57.94154
184,33.62482
233,29.54243
283,32.04120
341,30.37028
389,27.23456
432,20.00000
483,33.44196
535,34.48552
582,58.02917
634,58.67986
684,46.52672
734,32.46499
784,29.24796
834,28.94316
883,32.46499
932,32.04120
984,32.04120
1035,31.36403
1084,27.60422
1133,30.62958
1184,30.62958
1234,30.10300
1284,29.54243
1341,28.94316
1382,27.60422
1433,31.82129
1482,33.25516
1533,34.64788
1583,30.37028
1633,30.62958
1686,28.94316
1734,26.44439
1783,33.25516
1835,30.10300
1884,27.60422
1935,20.82785
1984,22.27887
2034,31.36403
2083,28.29947
2134,29.24796
2190,30.62958
2233,24.60898
2284,28.94316
2349,28.29947
2382,24.60898
2432,19.08485
2483,20.00000
2533,34.80725
2586,32.04120
2633,26.02060
2683,26.84845
2733,31.82129
2785,28.62728
2834,20.82785
2885,24.60898
2933,19.08485
2984,25.57507
3033,26.84845
3085,25.10545
3135,22.92256
3183,26.84845
3233,29.82723
3283,33.97940
3337,20.82785
3383,22.27887
3434,20.00000
3483,30.62958
3533,27.95880
3584,25.10545
3633,15.56303
3685,18.06180
3733,16.90196
3783,19.08485
3833,24.60898
3884,16.90196
3933,18.06180
3984,15.56303
4034,15.56303
4086,18.06180
4134,12.04120
4183,18.06180
4233,21.58362
4285,20.00000
4333,30.88136
4395,20.82785
4433,20.82785
4483,19.08485
4533,32.46499
4583,33.44196
4633,29.54243
4684,21.58362
4735,20.00000
4784,19.08485
4834,20.00000
4884,15.56303
4934,15.56303
4983,18.06180
5034,15.56303
5085,15.56303
5134,20.82785
5184,16.90196
5234,16.90196
5285,18.06180
5335,16.90196
5393,13.97940
5436,25.57507
5483,20.00000
5533,34.64788
5583,60.48971
5634,32.04120
5684,25.10545
5733,23.52183
5783,57.71853
5833,58.65962
5883,27.60422
5933,16.90196
5984,18.06180
6033,18.06180
6084,30.62958
6133,18.06180
6184,19.08485
6234,16.90196
6284,13.97940
6333,18.06180
6394,18.06180
6434,13.97940
6483,27.23456
6533,31.36403
6584,34.48552
6635,26.44439
6685,20.82785
6733,20.00000
6784,16.90196
6835,18.06180
6885,27.95880
6935,20.82785
6983,16.90196
7033,15.56303
7084,20.00000
7135,13.97940
7183,18.06180
7233,27.23456
7284,27.23456
7334,24.60898
7383,26.84845
7443,25.57507
7483,20.82785
7533,33.44196
7583,33.62482
7635,25.10545
7685,21.58362
7732,19.08485
7783,27.23456
7834,33.06425
7884,24.08240
7934,26.44439
7984,28.29947
8033,19.08485
8084,18.06180
8135,15.56303
8183,26.84845
8235,19.08485
8284,18.06180
8334,15.56303
8385,18.06180
8433,21.58362
8490,31.82129
8533,34.96376
8583,34.15140
8633,32.66937
8684,32.86905
8734,26.02060
8783,16.90196
8835,20.00000
8884,22.27887
8932,24.08240
8983,60.89863
9035,38.79039
9084,25.57507
9133,21.58362
9184,26.84845
9233,24.08240
9285,26.44439
9334,22.92256
9384,20.82785
9434,31.36403
9490,30.37028
9533,20.82785
9583,32.66937
9633,34.32007
9684,29.54243
9733,28.29947
9783,20.00000
9833,21.58362
9884,26.02060
9934,27.23456
9984,25.10545
10034,16.90196
10084,19.08485
10134,18.06180
10183,15.56303
10235,15.56303
10284,18.06180
10334,15.56303
10385,19.08485
10434,15.56303
10490,21.58362
10532,26.84845
10582,59.46256
10633,37.61627
10684,33.62482
10737,27.60422
10783,58.32908
10835,47.88903
10885,29.82723
10934,20.00000
10987,21.58362
11034,13.97940
11084,20.00000
11134,19.08485
11184,31.82129
11233,20.82785
11283,27.23456
11334,21.58362
11384,20.82785
11433,22.92256
11483,20.00000
11539,25.57507
11583,32.04120
11633,32.86905
11687,35.41704
11733,26.02060
11784,25.10545
11834,26.84845
11883,21.58362
11935,20.00000
11984,26.02060
12033,28.62728
12084,35.84783
12134,31.59567
12183,22.92256
12234,18.06180
12284,18.06180
12334,25.10545
12384,19.08485
12435,22.92256
12483,21.58362
12535,15.56303
12583,26.84845
12632,28.29947
12683,34.80725
12735,27.23456
12784,26.84845
12834,22.27887
12884,22.92256
12934,19.08485
12984,24.08240
13033,20.00000
13085,30.62958
13134,28.94316
13187,24.08240
13235,19.08485
13283,34.32007
13334,29.54243
13382,21.58362
13433,31.12605
13484,31.82129
13532,25.10545
13588,28.29947
13633,26.84845
13683,33.44196
13734,30.62958
13784,32.46499
13833,24.08240
13885,22.27887
13934,22.27887
13984,21.58362
14033,22.27887
14084,25.10545
14133,23.52183
14184,21.58362
14234,18.06180
14287,15.56303
14333,15.56303
14384,15.56303
14434,13.97940
14490,16.90196
14532,13.97940
14585,34.80725
14633,34.15140
14683,34.15140
14733,32.66937
14783,32.25568
14833,28.94316
14883,23.52183
14933,28.62728
14983,30.88136
15035,30.37028
15084,21.58362
15135,22.27887
15184,18.06180
15233,19.08485
15284,22.92256
15334,18.06180
15384,27.95880
15434,22.92256
15483,23.52183
15534,13.97940
15590,16.90196
15632,13.97940
15683,32.25568
15734,32.46499
15784,29.24796
15835,32.04120
15885,23.52183
15934,20.82785
15985,19.08485
16035,18.06180
16084,18.06180
16135,18.06180
16183,16.90196
16233,16.90196
16284,30.62958
16335,23.52183
16383,24.08240
16434,20.00000
16484,19.08485
16533,24.60898
16588,32.04120
16633,27.60422
16683,31.59567
16734,31.59567
16783,30.10300
16834,25.10545
16887,19.08485
16933,27.23456
16983,60.00868
17032,33.62482
17084,34.64788
17133,57.98546
17183,47.99347
17233,31.82129
17283,32.86905
17335,33.06425
17383,30.62958
17434,33.06425
17483,26.02060
17534,22.92256
17589,33.25516
17632,29.24796
17683,33.62482
17733,35.26856
17784,26.44439
17834,24.08240
17883,20.82785
17934,25.10545
17983,21.58362
18033,20.00000
18084,19.08485
18133,18.06180
18184,21.58362
18233,30.62958
18284,28.94316
18333,25.10545
18384,27.95880
18433,29.24796
18484,32.25568
18533,35.98681
18599,26.84845
18632,21.58362
18683,16.90196
18733,19.08485
18784,34.15140
18833,25.57507
18885,33.25516
18934,25.57507
18983,21.58362
19035,19.08485
19087,20.82785
19135,15.56303
19183,13.97940
19233,19.08485
19283,24.60898
19333,20.82785
19384,16.90196
19434,18.06180
19484,25.10545
19534,21.58362
19585,21.58362
19639,15.56303
19683,27.60422
19733,33.25516
19784,36.12360
19836,28.94316
19885,16.90196
19932,16.90196
19983,16.90196
20034,24.60898
20083,16.90196
20134,26.02060
20183,24.60898
20234,16.90196
20283,18.06180
20334,20.00000
20384,26.02060
20433,18.06180
20483,20.00000
20533,18.06180
20583,29.54243
20633,29.24796
20686,27.60422
20732,60.97660
20783,58.47524
20833,59.66350
20883,37.84189
20934,32.46499
20983,35.41704
21033,32.46499
21083,34.32007
21134,31.59567
21183,33.97940
21233,33.44196
21283,32.46499
21333,32.25568
21384,30.88136
21433,28.29947
21482,25.57507
21533,26.02060
21583,31.59567
21633,22.92256
21693,21.58362
21733,19.08485
21783,32.25568
21833,31.82129
21886,31.82129
21934,18.06180
21984,19.08485
22033,24.08240
22084,24.60898
22133,18.06180
22183,21.58362
22233,29.54243
22284,33.44196
22333,27.95880
22383,26.84845
22434,20.82785
22483,16.90196
22534,24.08240
22587,20.82785
22634,19.08485
22695,20.82785
22732,26.02060
22783,30.88136
22833,31.36403
22883,34.80725
22934,29.24796
22983,27.23456
23034,27.23456
23084,23.52183
23134,15.56303
23184,16.90196
23233,18.06180
23284,19.08485
23335,27.60422
23383,25.57507
23434,23.52183
23483,27.60422
23533,30.62958
23583,30.37028
23634,22.27887
23683,24.08240
23739,27.95880
23782,24.60898
23832,34.80725
23884,31.12605
23933,26.02060
23983,32.66937
24033,27.95880
24083,24.60898
24134,26.02060
24183,25.10545
24236,20.82785
24284,22.27887
24334,19.08485
24383,16.90196
24436,24.08240
24484,25.10545
24532,19.08485
24583,28.29947
24634,32.66937
24682,23.52183
24738,22.27887
24783,58.15897
24833,58.11592
24883,38.06180
24932,27.23456
24983,24.60898
25033,19.08485
25084,26.84845
25134,22.92256
25183,20.00000
25233,30.10300
25285,30.62958
25333,19.08485
25384,21.58362
25433,25.10545
25482,18.06180
25533,19.08485
25583,30.10300
25632,32.04120
25682,33.25516
25738,32.04120
25782,30.37028
25833,61.37855
25883,36.90196
25935,27.95880
25983,25.10545
26033,22.27887
26083,25.10545
26134,25.10545
26184,21.58362
26233,15.56303
26283,19.08485
26333,15.56303
26384,18.06180
26433,19.08485
26483,25.10545
26533,33.44196
26585,30.37028
26634,25.10545
26683,24.60898
26740,19.08485
26782,18.06180
26832,29.82723
26883,34.32007
26934,31.82129
26984,27.95880
27034,21.58362
27085,19.08485
27134,23.52183
27183,30.10300
27235,23.52183
27284,18.06180
27333,20.82785
27384,25.57507
27433,22.92256
27483,16.90196
27533,24.60898
27584,28.62728
27634,21.58362
27686,19.08485
27734,16.90196
27796,24.08240
27833,28.62728
27883,22.27887
27933,28.94316
27983,29.82723
28035,25.10545
28086,16.90196
28134,20.00000
28184,20.00000
28233,18.06180
28283,22.92256
28333,20.82785
28383,20.00000
28433,18.06180
28483,27.95880
28533,32.46499
28584,30.62958
28635,29.24796
28683,27.95880
28734,27.95880
28783,20.00000
28837,19.08485
28883,27.60422
28933,31.36403
28984,31.36403
29034,23.52183
29084,18.06180
29134,19.08485
29184,18.06180
29233,58.43373
29284,34.32007
29334,20.00000
29384,20.00000
29433,20.00000
29483,26.84845
29534,27.60422
29584,27.95880
29634,21.58362
29683,19.08485
29733,27.60422
29784,19.08485
29833,18.06180
29890,23.52183
29933,26.02060
29983,35.11750
30034,32.66937
30083,28.29947
30133,24.08240
30183,20.82785
30233,15.56303
30285,20.00000
30333,16.90196
30384,27.23456
30433,29.54243
30483,25.57507
30533,60.23986
30583,41.36372
30634,29.54243
30682,28.29947
30734,27.23456
30783,27.23456
30834,23.52183
30883,59.85990
30936,59.53617
30987,57.80842
31033,30.37028
31083,57.62769
31132,57.51280
31183,43.22736
31233,35.70660
31283,27.60422
31333,28.94316
31383,30.62958
31434,25.10545
31484,22.92256
31533,18.06180
31583,56.19119
31633,42.79758
31683,58.26568
31733,28.29947
31783,31.82129
31833,30.88136
31884,30.88136
31939,20.00000
31984,19.08485
32033,30.88136
32084,32.25568
32133,28.62728
32183,21.58362
32233,18.06180
32284,20.00000
32333,26.02060
32387,18.06180
32433,13.97940
32483,21.58362
32533,31.12605
32584,27.60422
32634,20.82785
32684,24.60898
32734,24.60898
32783,22.27887
32834,19.08485
32884,16.90196
32938,21.58362
32984,23.52183
33033,28.94316
33083,30.88136
33135,25.57507
33184,24.08240
33233,19.08485
33284,20.00000
33334,19.08485
33383,16.90196
33433,20.00000
33483,16.90196
33534,35.26856
33586,32.25568
33633,35.41704
33683,21.58362
33734,24.60898
33784,26.44439
33833,22.92256
33884,30.37028
33940,32.86905
33983,24.08240
34033,31.59567
34084,31.82129
34133,22.92256
34183,21.58362
34233,18.06180
34285,21.58362
34335,19.08485
34383,19.08485
34435,16.90196
34483,16.90196
34533,19.08485
34584,26.84845
34633,16.90196
34683,18.06180
34734,20.00000
34784,20.00000
34833,22.92256
34884,21.58362
34945,18.06180
34984,20.00000
35033,26.02060
35083,33.80392
35133,28.94316
35184,25.57507
35233,20.00000
35285,21.58362
35334,19.08485
35384,19.08485
35433,16.90196
35483,29.54243
35533,24.60898
35585,22.92256
35635,18.06180
35684,20.82785
35734,18.06180
35783,16.90196
35833,58.88965
35883,50.34392
35933,22.92256
35994,16.90196
36033,19.08485
36083,27.95880
36135,32.25568
36183,26.02060
36234,20.82785
36284,20.82785
36333,22.92256
36384,28.29947
36433,21.58362
36484,20.00000
36533,16.90196
36583,22.92256
36633,21.58362
36684,19.08485
36733,18.06180
36785,30.62958
36833,27.95880
36883,22.27887
36934,21.58362
36990,16.90196
37033,15.56303
37084,32.66937
37135,32.04120
37185,26.84845
37234,18.06180
37283,18.06180
37333,18.06180
37382,20.00000
37433,22.27887
37483,15.56303
37534,18.06180
37583,22.27887
37633,25.57507
37684,22.92256
37734,21.58362
37785,21.58362
37833,18.06180
37884,20.00000
37932,18.06180
37983,33.62482
38038,29.82723
38083,29.82723
38133,30.62958
38183,31.59567
38233,22.27887
38283,21.58362
38332,20.82785
38383,19.08485
38434,24.60898
38484,16.90196
38534,15.56303
38586,18.06180
38633,16.90196
38683,30.37028
38734,27.60422
38783,21.58362
38834,20.00000
38884,28.94316
38933,23.52183
38983,18.06180
39046,20.00000
39082,19.08485
39133,26.02060
39184,30.37028
39233,26.84845
39284,24.08240
39334,27.60422
39383,23.52183
39434,16.90196
39484,15.56303
39533,19.08485
39582,19.08485
39632,27.23456
39685,28.29947
39734,21.58362
39783,18.06180
39834,16.90196
39883,20.82785
39933,15.56303
39985,22.27887
40040,18.06180
40082,18.06180
40133,31.12605
40182,35.26856
40236,31.59567
40284,27.23456
40333,20.00000
40384,21.58362
40435,18.06180
40482,20.00000
40533,19.08485
40583,29.24796
40633,32.04120
40683,22.27887
40734,21.58362
40783,25.10545
40834,19.08485
40884,20.82785
40933,20.00000
40984,25.10545
41034,20.00000
41091,19.08485
41133,13.97940
41183,31.59567
41233,31.12605
41283,32.86905
41333,31.82129
41383,60.12932
41434,31.12605
41484,30.10300
41532,28.62728
41583,27.95880
41633,29.24796
41683,27.95880
41733,29.54243
41784,32.46499
41833,25.10545
41883,23.52183
41933,20.00000
41983,18.06180
42034,22.27887
42083,15.56303
42137,16.90196
42182,24.60898
42233,30.37028
42284,33.25516
42333,24.08240
42383,22.92256
42433,19.08485
42484,18.06180
42534,16.90196
42583,26.44439
42634,21.58362
42685,18.06180
42733,29.54243
42784,33.62482
42833,32.46499
42887,20.00000
42934,18.06180
42984,18.06180
43033,16.90196
43085,13.97940
43139,15.56303
43183,18.06180
43233,28.29947
43284,34.96376
43333,25.57507
43384,25.57507
43433,20.00000
43483,21.58362
43533,25.10545
43583,34.32007
43632,31.12605
43682,32.46499
43732,28.62728
43785,28.62728
43834,22.92256
43884,20.82785
43936,22.92256
43984,20.00000
44033,31.59567
44083,33.80392
44133,27.60422
44187,23.52183
44233,16.90196
44283,33.97940
44333,31.36403
44383,32.86905
44435,32.25568
44482,27.60422
44532,33.62482
44583,33.97940
44632,34.64788
44683,35.70660
44733,34.15140
44783,33.44196
44833,33.62482
44884,29.82723
44934,22.92256
44984,20.00000
45034,18.06180
45084,20.00000
45133,25.57507
45192,24.60898
45233,18.06180
45283,31.59567
45333,33.44196
45385,35.70660
45434,29.24796
45483,21.58362
45533,21.58362
45585,24.08240
45635,20.82785
45683,18.06180
45734,19.08485
45783,22.92256
45834,20.00000
45883,15.56303
45933,15.56303
45983,15.56303
46034,16.90196
46084,16.90196
46132,12.04120
46183,16.90196
46238,15.56303
46283,56.01434
46333,58.54741
46383,35.26856
46435,32.46499
46483,21.58362
46533,21.58362
46582,29.54243
46633,33.97940
46683,33.80392
46733,21.58362
46783,21.58362
46833,18.06180
46883,19.08485
46933,18.06180
46983,16.90196
47033,16.90196
47084,27.95880
47133,57.55894
47184,59.15215
47236,28.29947
47283,25.57507
47333,33.80392
47383,32.66937
47432,21.58362
47483,22.27887
47533,20.00000
47582,30.62958
47634,32.66937
47684,30.37028
47733,19.08485
47784,20.00000
47834,18.06180
47884,20.00000
47934,15.56303
47985,16.90196
48033,16.90196
48085,16.90196
48134,16.90196
48183,15.56303
48240,15.56303
48283,15.56303
48333,28.29947
48383,35.84783
48433,28.94316
48483,27.60422
48534,22.27887
48583,26.44439
48632,32.86905
48683,31.59567
48733,26.44439
48783,31.12605
48833,30.62958
48883,25.57507
48934,27.60422
48984,29.82723
49033,29.24796
49085,19.08485
49133,26.02060
49184,21.58362
49233,19.08485
49300,15.56303
49332,16.90196
49383,27.95880
49434,33.44196
49484,27.95880
49534,19.08485
49585,28.62728
49633,26.02060
49684,20.82785
49733,15.56303
49784,18.06180
49833,19.08485
49883,16.90196
49934,20.00000
49984,18.06180
50033,18.06180
50085,19.08485
50134,18.06180
50183,22.27887
50235,29.54243
50283,22.27887
50336,58.73027
50383,60.35735
50433,32.86905
50484,33.44196
50533,58.23380
50585,41.58362
50633,22.92256
50684,20.00000
50733,20.82785
50784,19.08485
50834,16.90196
50885,26.02060
50935,16.90196
50985,19.08485
51034,13.97940
51083,22.27887
51133,18.06180
51183,18.06180
51233,26.84845
51285,15.56303
51339,18.06180
51383,24.08240
51433,33.44196
51483,33.80392
51532,34.80725
51582,33.97940
51633,26.44439
51684,28.29947
51734,27.23456
51787,29.82723
51833,19.08485
51884,20.00000
51933,19.08485
51985,21.58362
52034,18.06180
52084,15.56303
52134,56.33808
52187,57.11038
52233,40.98436
52282,19.08485
52349,20.00000
52382,20.00000
52433,26.84845
52482,33.44196
52533,32.66937
52583,32.25568
52637,26.44439
52683,22.27887
52734,18.06180
52784,22.27887
52834,18.06180
52884,18.06180
52934,15.56303
52984,30.62958
53033,35.11750
53084,32.46499
53134,19.08485
53183,19.08485
53233,18.06180
53284,15.56303
53340,13.97940
53385,20.82785
53433,27.23456
53483,32.66937
53534,28.29947
53587,29.54243
53633,20.00000
53684,23.52183
53735,25.57507
53783,20.82785
53833,24.60898
53884,26.44439
53933,22.92256
53984,19.08485
54033,22.27887
54084,23.52183
54133,24.08240
54184,20.82785
54233,27.60422
54283,25.10545
54333,15.56303
54390,19.08485
54433,18.06180
54483,57.51280
54533,46.23508
54585,30.10300
54634,27.95880
54683,28.62728
54734,26.02060
54783,18.06180
54834,22.92256
54884,24.60898
54934,20.00000
54983,21.58362
55033,24.08240
55084,23.52183
55133,24.08240
55183,24.08240
55232,22.27887
55283,27.95880
55334,32.04120
55391,29.82723
55433,21.58362
55484,31.36403
55533,33.06425
55583,32.46499
55633,26.02060
55684,27.23456
55733,22.27887
55783,19.08485
55833,20.00000
55883,18.06180
55933,26.02060
55983,20.82785
56034,19.08485
56083,13.97940
56134,15.56303
56185,24.08240
56233,20.00000
56284,21.58362
56333,18.06180
56405,16.90196
56433,21.58362
56483,25.10545
56533,33.80392
56584,32.25568
56633,27.95880
56685,20.82785
56734,19.08485
56784,25.10545
56833,33.62482
56884,33.25516
56933,33.80392
56986,28.29947
57033,22.27887
57083,24.60898
57132,34.15140
57184,59.19990
57233,27.23456
57284,32.04120
57334,29.54243
57383,20.00000
57442,24.08240
57483,16.90196
57533,33.62482
57584,32.86905
57633,26.02060
57684,20.00000
57733,20.82785
57784,18.06180
57834,15.56303
57883,28.94316
57933,26.44439
57984,21.58362
58033,18.06180
58084,33.62482
58133,20.82785
58183,19.08485
58234,20.00000
58284,20.00000
58334,15.56303
58384,16.90196
58433,16.90196
58487,18.06180
58532,59.52700
58583,40.25674
58632,24.60898
58683,26.02060
58735,27.95880
58783,20.82785
58833,19.08485
58883,29.54243
58933,19.08485
58984,22.92256
59033,19.08485
59084,16.90196
59132,16.90196
59183,28.62728
59233,28.94316
59283,20.82785
59334,18.06180
59383,28.29947
59433,25.57507
59508,22.27887
59533,19.08485
59583,28.62728
59633,30.88136
59682,32.66937
59733,31.59567
59783,31.82129
59833,31.59567
59883,29.24796
59934,22.27887
59984,18.06180
60033,20.00000
60083,18.06180
60134,13.97940
60184,16.90196
60233,19.08485
60283,26.84845
60333,30.88136
60383,26.02060
60433,25.57507
60510,25.57507
60533,24.60898
60583,31.59567
60634,33.25516
60684,39.36966
60733,31.36403
60783,24.60898
60834,19.08485
60884,25.10545
60934,21.58362
60984,16.90196
61034,16.90196
61084,27.95880
61134,23.52183
61184,19.08485
61233,18.06180
61283,16.90196
61333,18.06180
61383,22.27887
61433,30.88136
61483,31.82129
61546,29.24796
61583,30.62958
61633,32.04120
61683,33.97940
61734,31.82129
61783,25.10545
61833,25.10545
61883,19.08485
61933,27.60422
61987,24.08240
62033,21.58362
62084,26.84845
62133,28.29947
62183,57.93052
62233,33.62482
62284,20.82785
62333,22.92256
62383,22.92256
62434,25.10545
62482,16.90196
62533,29.24796
62586,32.25568
62632,31.36403
62682,30.62958
62732,29.24796
62784,29.24796
62834,22.27887
62883,20.00000
62933,20.00000
62983,25.57507
63035,30.62958
63083,22.27887
63134,19.08485
63184,21.58362
63234,28.62728
63283,28.62728
63334,21.58362
63384,20.00000
63433,18.06180
63483,15.56303
63533,20.82785
63597,27.23456
63633,19.08485
63683,29.24796
63733,35.26856
63783,33.44196
63834,24.60898
63883,18.06180
63934,16.90196
63984,15.56303
64033,18.06180
64083,22.92256
64133,20.82785
64183,18.06180
64234,16.90196
64283,25.10545
64334,26.84845
64383,23.52183
64433,22.92256
64483,23.52183
64533,35.56303
64585,35.70660
64640,26.84845
64683,20.00000
64733,28.62728
64783,34.96376
64834,28.62728
64885,26.02060
64933,22.27887
64984,21.58362
65034,20.00000
65084,20.00000
65133,18.06180
65184,20.00000
65233,23.52183
65283,21.58362
65333,15.56303
65386,15.56303
65433,13.97940
65483,28.29947
65533,28.29947
65583,28.62728
65646,26.02060
65687,20.82785
65733,28.62728
65784,28.29947
65834,24.60898
65883,19.08485
65934,19.08485
65983,19.08485
66034,24.08240
66083,20.00000
66134,20.00000
66184,20.82785
66233,24.08240
66283,18.06180
66334,15.56303
66383,16.90196
66433,19.08485
66483,18.06180
66534,20.82785
66584,18.06180
66638,19.08485
66683,21.58362
66733,30.10300
66784,58.31854
66834,44.81098
66885,26.84845
66933,19.08485
66983,15.56303
67033,25.57507
67083,30.88136
67133,25.10545
67183,25.10545
67234,19.08485
67284,16.90196
67334,18.06180
67383,18.06180
67434,16.90196
67483,22.92256
67533,59.88634
67584,58.62916
67639,39.18083
67683,31.36403
67733,24.08240
67783,33.44196
67833,26.44439
67883,27.60422
67933,24.08240
67983,24.60898
68033,19.08485
68084,20.00000
68134,24.60898
68183,25.10545
68233,19.08485
68285,20.00000
68334,31.12605
68384,31.12605
68436,30.88136
68483,56.29826
68533,59.51782
68583,32.86905
68637,31.59567
68683,31.59567
68733,34.96376
68784,33.25516
68833,20.82785
68883,27.95880
68937,27.95880
68983,22.92256
69033,19.08485
69083,28.29947
69134,26.84845
69183,20.00000
69233,16.90196
69289,47.38432
69335,51.73175
69383,60.16348
69433,59.87754
69483,58.85008
69533,59.60916
69584,54.30335
69643,54.75975
69683,53.80392
69733,53.90963
69783,52.96720
69834,50.50090
69887,52.14910
69933,51.88785
69983,53.08353
70034,52.25568
70083,52.74979
70134,52.94766
70184,52.72976
70234,52.74979
70283,54.56708
70334,55.40231
70383,51.88785
70434,52.01946
70484,50.55260
70533,50.80659
70584,58.96826
70640,58.54741
70682,51.24586
70733,49.30766
70783,48.23239
70833,50.42276
70883,48.97413
70933,52.06289
70984,49.09690
71034,49.33735
71084,49.48433
71133,47.85394
71184,47.27224
71234,53.34906
71285,52.27684
71333,34.48552
71383,46.92706
71433,53.06425
71483,50.98007
71533,52.23447
71583,44.76092
71640,35.84783
71683,31.12605
71733,31.59567
71784,33.44196
71834,21.58362
71883,52.06289
71933,27.23456
71983,25.10545
72034,26.02060
72084,16.90196
72134,15.56303
72183,44.34968
72234,45.00840
72283,43.69383
72334,42.67078
72384,42.54210
72433,42.41148
72483,43.46373
72534,42.92256
72583,40.08643
72645,41.79810
72683,41.06157
72733,43.04577
72784,42.54210
72833,53.87454
72885,39.18083
72933,47.30976
72983,36.90196
73033,26.84845
73084,19.08485
73134,40.74853
73184,26.44439
73235,20.00000
73283,15.56303
73332,22.92256
73383,39.82452
73434,40.34067
73483,58.29744
73535,58.51655
73583,47.81870
73642,39.73543
73683,40.66848
73733,40.08643
73783,43.91799
73834,40.58768
73883,39.18083
73933,39.82452
73984,39.91270
74033,38.58838
74084,40.08643
74133,48.72325
74183,46.23508
74233,33.62482
74284,47.56796
74334,46.68908
74383,30.62958
74433,43.46373
74484,32.66937
74534,59.69055
74583,40.74853
74634,39.36966
74688,35.70660
74733,41.51094
74783,56.96378
74833,57.88632
74883,29.24796
74934,25.10545
74983,24.60898
75033,25.57507
75084,42.21179
75134,36.25827
75183,37.14665
75234,37.72981
75283,38.27628
75336,35.70660
75384,40.17200
75433,35.70660
75486,33.06425
75534,34.48552
75582,35.41704
75633,35.98681
75683,40.25674
75737,56.92674
75782,58.10512
75832,59.37899
75883,53.17930
75933,58.12670
75983,52.74979
76036,33.97940
76083,53.31162
76134,45.00840
76184,51.86572
76233,53.14112
76284,53.19832
76333,53.16023
76383,52.54732
76434,52.98670
76483,28.94316
76533,52.76979
76584,36.77698
76634,50.75638
76683,54.93268
76734,52.21320
76782,54.13436
76834,52.96720
76887,37.14665
76934,54.61565
76983,51.82129
77032,54.06583
77084,30.62958
77133,53.82163
77183,51.59567
77233,53.42346
77284,53.29284
77334,39.55447
77385,51.52683
77433,53.27402
77483,30.88136
77533,23.52183
77583,26.02060
77634,22.27887
77685,31.36403
77737,21.58362
77782,22.27887
77834,33.25516
77885,30.37028
77935,32.25568
77985,20.82785
78032,20.00000
78084,33.25516
78134,35.26856
78183,37.50123
78233,34.32007
78284,34.80725
78333,36.90196
78384,36.65018
78434,27.95880
78483,37.38463
78534,58.88965
78583,42.92256
78634,39.91270
78683,38.98780
78736,42.27887
78782,50.70588
78833,61.45235
78883,58.29744
78933,54.74385
78984,49.68600
79033,31.12605
79083,36.77698
79133,33.80392
79186,36.90196
79233,30.88136
79283,30.62958
79333,32.66937
79383,35.26856
79433,22.27887
79483,23.52183
79533,18.06180
79584,20.82785
79633,16.90196
79684,47.42136
79736,44.86076
79784,19.08485
79833,31.36403
79883,32.66937
79933,29.82723
79982,31.12605
80033,34.48552
80084,28.62728
80133,20.00000
80184,21.58362
80234,15.56303
80283,19.08485
80333,20.82785
80384,20.82785
80434,15.56303
80482,15.56303
80533,16.90196
80586,20.82785
80634,23.52183
80683,19.08485
80738,16.90196
80784,18.06180
80832,32.46499
80883,32.86905
80933,30.88136
80984,37.02517
81033,32.66937
81084,22.92256
81134,18.06180
81184,20.00000
81233,13.97940
81285,27.60422
81333,18.06180
81383,19.08485
81435,13.97940
81483,9.54243
81533,16.90196
81583,29.24796
81634,31.12605
81683,25.10545
81733,18.06180
81789,26.02060
81833,24.60898
81883,32.25568
81934,35.11750
81984,32.25568
82032,18.06180
82083,27.95880
82134,25.57507
82185,21.58362
82234,24.60898
82283,27.60422
82334,25.57507
82383,20.82785
82434,19.08485
82483,18.06180
82532,19.08485
82583,27.95880
82633,28.62728
82684,22.27887
82734,18.06180
82789,18.06180
82833,26.02060
82883,34.80725
82936,32.04120
82983,24.08240
83033,18.06180
83084,22.27887
83134,18.06180
83184,30.10300
83234,26.44439
83284,18.06180
83334,19.08485
83384,18.06180
83434,16.90196
83485,23.52183
83533,57.00067
83584,61.80516
83634,41.36372
83685,24.60898
83733,18.06180
83782,20.00000
83837,29.54243
83882,32.04120
83933,34.64788
83983,35.84783
84034,28.29947
84084,29.82723
84134,26.02060
84185,31.82129
84234,28.62728
84284,24.08240
84334,28.62728
84383,22.92256
84434,25.10545
84483,26.84845
84533,23.52183
84583,30.88136
84634,28.62728
84683,23.52183
84733,23.52183
84782,42.14420
84839,31.36403
84883,28.29947
84934,31.59567
84984,31.36403
85033,27.23456
85084,24.08240
85133,29.82723
85183,21.58362
85235,20.00000
85283,18.06180
85333,13.97940
85383,13.97940
85433,20.00000
85484,25.57507
85534,31.12605
85583,29.82723
85632,20.00000
85684,16.90196
85733,24.60898
85783,22.27887
85837,21.58362
85883,22.27887
85932,33.25516
85983,32.25568
86034,25.10545
86084,27.23456
86134,28.94316
86185,25.10545
86233,22.92256
86285,18.06180
86334,16.90196
86383,26.84845
86433,24.08240
86483,21.58362
86533,29.24796
86584,19.08485
86633,16.90196
86684,26.84845
86734,30.62958
86784,33.25516
86848,26.02060
86882,32.25568
86933,33.44196
86984,33.44196
87034,31.36403
87083,26.02060
87133,21.58362
87183,32.46499
87234,29.54243
87283,30.62958
87334,27.95880
87384,28.29947
87434,20.82785
87483,26.44439
87533,28.62728
87583,25.10545
87634,22.27887
87683,27.60422
87733,24.08240
87785,27.23456
87837,19.08485
87882,22.92256
87933,57.06179
87983,58.50624
88033,40.00000
88084,26.02060
88133,20.00000
88184,18.06180
88234,15.56303
88284,21.58362
88334,20.00000
88383,20.82785
88434,16.90196
88482,24.08240
88534,26.44439
88584,24.08240
88636,30.88136
88684,29.24796
88733,24.08240
88787,27.60422
88837,21.58362
88883,20.82785
88932,32.66937
88984,30.37028
89033,24.60898
89083,20.00000
89133,16.90196
89184,18.06180
89234,20.82785
89284,20.00000
89333,28.29947
89384,24.08240
89435,18.06180
89483,16.90196
89534,29.24796
89584,31.12605
89634,25.10545
89683,19.08485
89734,24.60898
89782,21.58362
89833,18.06180
89886,20.00000
89932,31.59567
89983,31.82129
90033,31.12605
90084,32.25568
90133,31.36403
90183,22.27887
90235,26.02060
90283,18.06180
90333,16.90196
90385,18.06180
90435,13.97940
90483,13.97940
90534,55.59193
90583,58.25507
90633,26.84845
90684,26.02060
90734,16.90196
90784,19.08485
90836,21.58362
90894,27.23456
90933,18.06180
90984,26.02060
91032,31.82129
91083,32.04120
91134,26.84845
91185,42.54210
91233,33.06425
91285,41.79810
91333,49.00498
91383,36.12360
91433,52.72976
91485,53.38634
91533,26.44439
91582,31.36403
91633,57.65049
91683,60.17200
91733,59.46256
91783,58.57815
91833,47.08217
91892,36.25827
91933,26.02060
91983,26.84845
92034,34.32007
92085,30.10300
92134,22.92256
92184,29.54243
92233,20.00000
92283,28.62728
92335,22.27887
92384,16.90196
92434,19.08485
92483,31.12605
92533,22.92256
92584,19.08485
92635,20.82785
92686,16.90196
92734,18.06180
92783,25.10545
92834,29.82723
92883,24.08240
92939,20.00000
92984,18.06180
93033,30.88136
93084,30.88136
93133,32.66937
93184,25.57507
93233,19.08485
93284,19.08485
93334,16.90196
93384,20.00000
93434,26.02060
93483,22.92256
93533,21.58362
93584,30.10300
93634,20.82785
93684,20.82785
93734,20.00000
93784,32.46499
93833,28.29947
93883,30.37028
93937,29.82723
93983,25.57507
94033,34.64788
94083,33.97940
94134,26.44439
94183,22.27887
94233,19.08485
94283,20.00000
94333,22.27887
94385,26.84845
94433,20.82785
94483,57.78603
94533,58.53713
94585,41.21396
94634,25.10545
94683,24.60898
94733,25.57507
94784,18.06180
94833,19.08485
94884,18.06180
94948,16.90196
94983,13.97940
95033,20.82785
95083,26.02060
95133,26.44439
95183,20.00000
95233,16.90196
95283,16.90196
95334,26.44439
95384,22.92256
95434,15.56303
95483,19.08485
95533,13.97940
95583,35.56303
95633,31.36403
95683,28.62728
95733,35.26856
95785,28.94316
95833,19.08485
95884,19.08485
95951,22.92256
95983,31.36403
96032,32.66937
96083,32.25568
96133,28.94316
96183,21.58362
96234,24.08240
96283,22.27887
96334,35.26856
96384,29.82723
96433,20.00000
96483,20.00000
96535,20.00000
96583,26.02060
96634,26.84845
96684,21.58362
96733,16.90196
96784,15.56303
96835,16.90196
96884,15.56303
96940,19.08485
96982,29.82723
97033,31.12605
97083,31.59567
97134,26.44439
97183,16.90196
97233,20.82785
97284,30.88136
97333,22.27887
97385,20.82785
97433,16.90196
97483,16.90196
97534,16.90196
97584,29.54243
97633,30.37028
97686,20.82785
97734,18.06180
97783,16.90196
97833,27.23456
97883,33.80392
97937,33.06425
97983,30.37028
98032,29.24796
98083,33.44196
98132,33.97940
98182,30.10300
98233,36.65018
98284,35.41704
98334,25.10545
98384,21.58362
98434,16.90196
98483,18.06180
98535,20.82785
98583,32.86905
98634,24.08240
98684,19.08485
98733,15.56303
98784,16.90196
98835,16.90196
98883,25.10545
98944,30.37028
98983,28.94316
99033,33.06425
99083,35.84783
99134,28.62728
99184,34.48552
99234,31.36403
99285,27.95880
99333,21.58362
99384,25.10545
99438,20.82785
99482,31.82129
99533,58.62916
99584,38.88965
99634,60.77240
99684,25.57507
99733,19.08485
99783,20.82785
99833,22.92256
99884,24.08240
99942,23.52183
99983,16.90196
100032,21.58362
100083,33.06425
100133,29.54243
100184,28.29947
100234,25.10545
100283,29.82723
100334,31.12605
100383,24.60898
100433,20.82785
100483,26.44439
100534,23.52183
100584,24.08240
100634,21.58362
100683,22.27887
100733,25.10545
100783,27.23456
100834,27.60422
100885,25.57507
100933,16.90196
100990,16.90196
101033,18.06180
101083,34.32007
101133,33.25516
101184,28.94316
101234,28.29947
101285,24.08240
101334,19.08485
101385,25.10545
101433,22.92256
101484,21.58362
101533,29.24796
101583,30.37028
101633,32.66937
101683,31.82129
101736,27.60422
101784,28.94316
101833,22.92256
101883,29.54243
101933,22.27887
101985,18.06180
102037,59.28519
102083,60.11219
102133,43.69383
102182,34.64788
102233,31.82129
102283,34.96376
102334,27.23456
102383,30.88136
102433,20.82785
102483,20.00000
102533,29.82723
102585,32.25568
102634,19.08485
102685,22.27887
102732,20.82785
102784,19.08485
102837,16.90196
102883,13.97940
102933,18.06180
102986,19.08485
103032,31.36403
103083,33.80392
103134,34.48552
103183,26.02060
103233,16.90196
103284,20.00000
103334,26.44439
103384,29.24796
103434,15.56303
103483,18.06180
103533,13.97940
103584,18.06180
103634,19.08485
103683,20.82785
103733,20.00000
103784,20.00000
103834,20.82785
103883,18.06180
103934,21.58362
103990,33.62482
104033,53.58856
104083,32.25568
104133,34.64788
104183,31.59567
104233,32.25568
104283,35.11750
104333,33.44196
104383,33.44196
104433,34.32007
104483,29.82723
104532,58.56792
104582,51.97581
104633,58.67986
104684,38.58838
104735,27.60422
104783,16.90196
104833,20.00000
104884,19.08485
104933,20.00000
104983,50.73117
105040,54.38663
105082,54.33675
105134,51.99766
105183,33.80392
105234,29.24796
105289,22.92256
105333,30.62958
105383,35.56303
105433,35.84783
105483,37.26646
105534,26.84845
105585,29.24796
105633,23.52183
105683,37.95254
105733,29.54243
105783,31.82129
105832,31.12605
105884,38.68997
105933,43.22736
105983,53.00615
106032,33.06425
106085,25.10545
106132,50.73117
106183,41.36372
106233,40.17200
106283,53.04493
106334,42.07607
106383,41.06157
106432,53.36772
106483,44.02794
106532,34.48552
106583,40.50612
106634,38.79039
106684,37.02517
106733,36.77698
106784,36.77698
106833,36.65018
106884,38.98780
106934,37.02517
106983,40.00000
107034,37.95254
107091,36.77698
107133,33.25516
107184,39.73543
107233,38.88965
107284,35.98681
107334,38.16970
107384,24.60898
107433,37.84189
107485,32.46499
107534,28.29947
107583,59.75333
107633,39.91270
107683,19.08485
107734,20.00000
107783,25.10545
107833,26.02060
107883,37.26646
107933,37.50123
107985,35.84783
108033,38.27628
108084,35.26856
108133,35.26856
108184,35.98681
108233,35.11750
108283,36.39088
108333,35.26856
108383,35.26856
108433,36.65018
108484,38.38156
108533,38.38156
108582,33.25516
108633,56.88954
108683,58.16970
108733,24.08240
108783,20.82785
108833,22.92256
108883,27.60422
108935,20.00000
108983,59.11376
109033,33.06425
109089,24.08240
109138,40.25674
109182,38.88965
109233,59.60007
109283,60.04332
109333,58.93887
109383,59.19990
109433,40.50612
109482,38.06180
109532,57.69591
109583,59.73543
109633,39.46256
109686,37.72981
109733,26.84845
109785,29.24796
109834,29.82723
109884,36.90196
109933,32.66937
109984,46.56759
110033,44.02794
110087,45.05706
110134,46.40293
110183,46.14992
110233,46.96610
110284,45.52924
110334,44.34968
110384,43.69383
110432,44.02794
110483,41.43764
110534,59.06553
110584,58.75036
110633,42.60668
110683,41.13810
110734,43.28706
110783,39.55447
110835,41.86843
110885,53.17930
110933,51.66398
110984,52.64915
111033,52.27684
111082,53.08353
111137,52.86905
111182,50.52679
111233,52.29794
111285,51.36403
111334,52.78973
111383,22.92256
111433,54.03136
111484,51.38748
111534,52.94766
111583,51.02900
111634,54.97926
111685,30.62958
111733,54.16842
111783,49.85521
111832,52.21320
111883,51.24586
111934,45.48316
111983,45.20143
112033,46.02060
112084,46.02060
112139,44.95947
112184,45.75603
112234,46.96610
112284,46.76913
112333,44.81098
112384,44.19030
112434,44.13652
112483,43.16725
112532,43.04577
112583,41.79810
112633,42.92256
112685,43.91799
112733,42.14420
112783,24.08240
112833,16.90196
112884,25.57507
112934,20.00000
112984,40.82785
113033,26.02060
113084,19.08485
113141,18.06180
113182,16.90196
113232,58.36061
113283,48.43208
113334,29.54243
113383,21.58362
113434,19.08485
113483,16.90196
113533,24.08240
113583,30.37028
113633,52.60856
113683,42.34543
113733,51.75422
113783,32.04120
113832,43.75041
113883,23.52183
113933,39.73543
113984,30.88136
114033,31.59567
114083,33.62482
114155,22.92256
114184,19.08485
114233,16.90196
114283,41.93820
114334,33.97940
114383,22.92256
114433,20.00000
114482,19.08485
114533,16.90196
114583,38.98780
114635,20.00000
114683,20.00000
114733,15.56303
114784,16.90196
114834,12.04120
114884,40.25674
114934,54.51823
114984,32.04120
115033,26.44439
115085,20.00000
115138,16.90196
115183,15.56303
115233,39.36966
115282,31.82129
115333,32.86905
115384,28.29947
115433,20.82785
115484,28.29947
115532,40.90646
115583,59.14256
115633,38.68997
115684,28.62728
115734,20.82785
115784,16.90196
115834,20.00000
115884,40.42379
115933,22.27887
115985,18.06180
116034,18.06180
116085,16.90196
116137,16.90196
116183,40.98436
116232,32.46499
116283,32.04120
116333,29.24796
116383,21.58362
116433,26.02060
116482,40.82785
116533,31.12605
116584,20.00000
116633,19.08485
116684,19.08485
116733,16.90196
116783,22.92256
116834,40.00000
116884,27.95880
116934,21.58362
116983,16.90196
117034,19.08485
117083,20.00000
117147,39.27576
117184,30.37028
117233,18.06180
117285,32.46499
117334,29.54243
117383,20.00000
117433,25.10545
117483,41.72720
117533,22.27887
117583,57.81959
117632,36.90196
117682,57.93052
117733,30.88136
117784,41.72720
117836,23.52183
117883,20.82785
117934,19.08485
117983,16.90196
118033,16.90196
118083,25.10545
118154,42.47703
118183,22.27887
118232,19.08485
118282,32.86905
118333,31.36403
118383,26.84845
118432,41.36372
118483,21.58362
118533,20.82785
118583,29.24796
118634,28.29947
118685,22.27887
118733,39.91270
118784,52.29794
118834,54.75975
118883,35.56303
118934,34.96376
118985,33.62482
119033,20.82785
119083,40.74853
119140,26.02060
119182,20.00000
119232,29.82723
119283,35.56303
119336,35.26856
119385,30.10300
119434,25.57507
119483,21.58362
119533,19.08485
119584,55.97301
119634,27.23456
119683,39.64542
119733,30.37028
119783,22.92256
119833,20.00000
119883,20.00000
119933,18.06180
119984,24.60898
120033,41.72720
120083,23.52183
120144,20.82785
120183,18.06180
120233,27.95880
120283,34.80725
120334,53.29284
120385,35.56303
120433,33.62482
120483,27.95880
120533,25.57507
120584,25.57507
120635,31.12605
120685,42.73441
120734,20.00000
120784,20.00000
120833,18.06180
120883,16.90196
120935,24.08240
120984,40.17200
121034,35.98681
121084,36.77698
121146,37.61627
121182,59.08485
121232,59.22842
121285,43.10672
121333,34.48552
121384,33.62482
121433,29.82723
121484,28.29947
121533,20.00000
121584,22.27887
121632,40.00000
121683,36.77698
121733,35.70660
121783,28.62728
121833,29.24796
121885,30.37028
121935,21.58362
121985,19.08485
122035,18.06180
122084,22.27887
122150,22.92256
122183,26.02060
122234,21.58362
122287,16.90196
122334,12.04120
122384,19.08485
122433,16.90196
122485,16.90196
122533,20.82785
122585,15.56303
122634,13.97940
122686,16.90196
122734,18.06180
122783,18.06180
122836,18.06180
122888,19.08485
122934,18.06180
122985,13.97940
123034,13.97940
123085,16.90196
123152,20.00000
123183,16.90196
123233,20.00000
123284,20.00000
123334,18.06180
123386,25.10545
123434,16.90196
123484,15.56303
123534,18.06180
123586,16.90196
123634,13.97940
123685,13.97940
123734,13.97940
123784,15.56303
123834,18.06180
123885,18.06180
123934,18.06180
123984,15.56303
124035,13.97940
124084,19.08485
124147,20.00000
124183,16.90196
124234,24.08240
124286,20.82785
124335,16.90196
124384,12.04120
124435,13.97940
124483,16.90196
124533,15.56303
124583,26.84845
124634,20.00000
124683,26.84845
124734,22.27887
124785,29.82723
124835,22.92256
124887,16.90196
124935,16.90196
124986,16.90196
125036,16.90196
125084,19.08485
125149,18.06180
125183,15.56303
125233,16.90196
125284,30.62958
125335,29.82723
125385,25.57507
125435,19.08485
125483,13.97940
125533,20.82785
125583,26.44439
125634,26.02060
125685,22.27887
125733,20.00000
125784,19.08485
125834,15.56303
125884,15.56303
125935,18.06180
125986,24.60898
126034,16.90196
126083,12.04120
126132,13.97940
126187,13.97940
126239,29.54243
126285,22.92256
126332,22.27887
126383,31.12605
126433,28.94316
126483,31.12605
126534,30.37028
126585,29.54243
126634,24.60898
126686,16.90196
126734,22.92256
126785,20.00000
126834,18.06180
126885,15.56303
126935,16.90196
126987,15.56303
127036,16.90196
127084,13.97940
127134,20.00000
127184,20.00000
127269,22.27887
127283,24.60898
127334,20.82785
127385,22.27887
127434,16.90196
127482,13.97940
127534,15.56303
127585,20.00000
127633,21.58362
127684,58.72022
127733,24.60898
127783,18.06180
127834,15.56303
127884,16.90196
127933,13.97940
127983,15.56303
128034,25.57507
128083,21.58362
128133,18.06180
128183,16.90196
128234,20.82785
128300,13.97940
128333,15.56303
128385,18.06180
128434,18.06180
128483,27.23456
128533,21.58362
128584,27.95880
128635,30.37028
128686,26.44439
128734,20.00000
128784,18.06180
128838,16.90196
128885,15.56303
128934,19.08485
128985,21.58362
129034,18.06180
129084,15.56303
129134,18.06180
129183,20.00000
129233,19.08485
129284,21.58362
129344,16.90196
129383,12.04120
129434,20.00000
129484,24.08240
129533,16.90196
129583,20.82785
129633,24.08240
129683,27.60422
129733,26.44439
129783,33.62482
129835,33.62482
129886,29.82723
129934,18.06180
129985,15.56303
130034,19.08485
130087,16.90196
130136,12.04120
130183,16.90196
130234,18.06180
130283,16.90196
130333,12.04120
130392,19.08485
130433,22.27887
130486,21.58362
130534,20.00000
130585,20.82785
130634,18.06180
130685,18.06180
130734,25.57507
130785,26.02060
130834,15.56303
130886,19.08485
130934,13.97940
130984,15.56303
131034,18.06180
131085,24.08240
131135,24.08240
131185,13.97940
131234,13.97940
131284,13.97940
131333,15.56303
131389,16.90196
131440,13.97940
131482,22.27887
131534,29.54243
131583,21.58362
131634,20.00000
131684,13.97940
131734,15.56303
131787,9.54243
131834,12.04120
131884,12.04120
131934,13.97940
131984,15.56303
132034,15.56303
132083,13.97940
132135,25.10545
132185,19.08485
132234,16.90196
132285,20.00000
132335,20.00000
132385,26.84845
132460,16.90196
132486,25.10545
132534,18.06180
132584,26.84845
132635,25.10545
132684,22.27887
132734,19.08485
132788,16.90196
132834,16.90196
132886,27.95880
132935,25.57507
132984,19.08485
133035,24.60898
133084,18.06180
133134,16.90196
133185,18.06180
133235,13.97940
133285,12.04120
133334,13.97940
133385,12.04120
133458,16.90196
133483,16.90196
133533,22.92256
133586,26.02060
133634,29.24796
133685,28.29947
133735,16.90196
133784,15.56303
133837,20.82785
133884,25.57507
133935,25.10545
133984,28.29947
134034,26.02060
134085,25.10545
134134,20.82785
134185,15.56303
134233,13.97940
134286,12.04120
134334,13.97940
134384,13.97940
134455,18.06180
134483,15.56303
134534,12.04120
134584,22.92256
134634,25.10545
134687,27.60422
134734,16.90196
134784,22.92256
134834,20.82785
134884,18.06180
134934,25.10545
134987,28.29947
135035,13.97940
135085,15.56303
135135,12.04120
135189,13.97940
135233,18.06180
135284,19.08485
135334,18.06180
135384,15.56303
135434,16.90196
135487,13.97940
135533,15.56303
135584,19.08485
135634,26.44439
135684,24.08240
135735,20.00000
135784,13.97940
135834,22.92256
135885,26.84845
135935,23.52183
135984,22.27887
136035,22.92256
136084,16.90196
136134,19.08485
136185,20.82785
136234,24.60898
136286,12.04120
136334,12.04120
136385,13.97940
136436,13.97940
136494,12.04120
136533,13.97940
136584,26.44439
136634,25.57507
136684,24.08240
136733,24.60898
136786,25.57507
136834,18.06180
136887,21.58362
136934,18.06180
136984,25.57507
137035,19.08485
137084,13.97940
137134,25.10545
137184,24.08240
137234,16.90196
137284,21.58362
137333,22.27887
137383,21.58362
137432,29.82723
137486,31.36403
137533,33.25516
137583,27.23456
137635,27.95880
137684,23.52183
137733,20.82785
137784,21.58362
137834,15.56303
137884,18.06180
137935,19.08485
137985,20.00000
138035,27.23456
138084,20.82785
138138,16.90196
138185,24.08240
138235,20.00000
138284,12.04120
138335,16.90196
138384,12.04120
138434,16.90196
138492,15.56303
138533,13.97940
138584,25.57507
138635,18.06180
138684,18.06180
138734,20.82785
138784,26.84845
138834,21.58362
138884,24.60898
138936,20.82785
138985,22.92256
139035,19.08485
139085,15.56303
139134,15.56303
139185,21.58362
139235,13.97940
139285,12.04120
139333,13.97940
139383,15.56303
139434,15.56303
139485,23.52183
139538,19.08485
139583,18.06180
139633,16.90196
139684,20.82785
139734,16.90196
139787,16.90196
139833,24.08240
139883,22.92256
139937,27.23456
139984,21.58362
140035,24.60898
140085,25.10545
140135,19.08485
140185,13.97940
140234,13.97940
140285,12.04120
140334,12.04120
140384,13.97940
140435,18.06180
140485,20.00000
140537,18.06180
140582,16.90196
140634,26.84845
140685,28.29947
140733,22.92256
140784,26.02060
140834,26.02060
140885,22.27887
140934,25.57507
140983,15.56303
141035,22.92256
141085,27.95880
141134,15.56303
141185,19.08485
141235,15.56303
141286,16.90196
141335,20.82785
141387,21.58362
141435,20.82785
141484,19.08485
141546,12.04120
141585,16.90196
141634,22.92256
141685,26.02060
141735,25.10545
141784,22.92256
141834,28.94316
141886,20.00000
141935,20.82785
141987,16.90196
142035,15.56303
142085,13.97940
142134,13.97940
142185,15.56303
142234,15.56303
142286,12.04120
142333,15.56303
142384,20.82785
142433,20.00000
142484,16.90196
142533,19.08485
142612,24.08240
142633,21.58362
142683,24.08240
142734,28.29947
142785,26.84845
142837,18.06180
142886,15.56303
142934,15.56303
142985,19.08485
143035,18.06180
143083,13.97940
143134,29.24796
143184,24.60898
143235,21.58362
143288,18.06180
143338,12.04120
143384,13.97940
143435,15.56303
143489,13.97940
143533,13.97940
143600,28.62728
143634,25.57507
143684,27.23456
143735,26.02060
143785,27.23456
143834,15.56303
143885,30.37028
143933,23.52183
143984,26.02060
144035,25.10545
144086,27.95880
144134,20.82785
144186,16.90196
144234,20.00000
144285,25.57507
144334,19.08485
144384,13.97940
144435,16.90196
144484,15.56303
144534,18.06180
144585,25.57507
144650,21.58362
144683,23.52183
144733,24.08240
144786,22.92256
144834,26.84845
144884,25.57507
144934,26.02060
144984,16.90196
145035,25.57507
145084,20.00000
145135,24.08240
145185,24.08240
145234,25.10545
145285,15.56303
145335,12.04120
145385,9.54243
145437,12.04120
145483,9.54243
145534,13.97940
145585,19.08485
145664,13.97940
145683,15.56303
145734,20.00000
145784,28.29947
145835,22.92256
145886,19.08485
145935,18.06180
145984,16.90196
146034,13.97940
146084,18.06180
146135,13.97940
146184,13.97940
146234,18.06180
146284,12.04120
146334,16.90196
146385,16.90196
146434,20.00000
146483,15.56303
146535,25.10545
146584,30.10300
146654,25.57507
146683,18.06180
146734,19.08485
146784,22.27887
146834,24.60898
146885,29.54243
146934,25.57507
146985,20.82785
147034,15.56303
147085,13.97940
147134,9.54243
147186,9.54243
147233,12.04120
147284,15.56303
147335,29.24796
147386,26.02060
147434,18.06180
147483,26.84845
147535,23.52183
147587,26.44439
147634,23.52183
147699,22.92256
147734,27.95880
147783,28.62728
147834,28.29947
147885,21.58362
147935,20.00000
147985,15.56303
148034,13.97940
148084,23.52183
148135,21.58362
148185,20.00000
148235,21.58362
148284,15.56303
148335,12.04120
148386,12.04120
148435,18.06180
148483,19.08485
148535,18.06180
148585,21.58362
148635,16.90196
148696,15.56303
148734,18.06180
148783,26.02060
148835,25.57507
148885,23.52183
148934,20.00000
148985,23.52183
149034,30.37028
149085,27.23456
149134,25.10545
149186,22.27887
149234,15.56303
149284,12.04120
149335,9.54243
149385,13.97940
149433,15.56303
149484,16.90196
149535,16.90196
149583,16.90196
149635,23.52183
149694,24.08240
149733,16.90196
149786,19.08485
149835,21.58362
149886,20.82785
149938,15.56303
149987,13.97940
150034,16.90196
150086,19.08485
150134,15.56303
150186,13.97940
150235,25.10545
150285,16.90196
150335,12.04120
150388,9.54243
150434,9.54243
150484,16.90196
150533,15.56303
150584,15.56303
150634,9.54243
150702,12.04120
150732,18.06180
150784,16.90196
150834,25.10545
150885,24.08240
150935,22.27887
150985,16.90196
151034,13.97940
151085,15.56303
151135,16.90196
151184,13.97940
151238,13.97940
151285,12.04120
151336,15.56303
151384,13.97940
151436,13.97940
151484,15.56303
151534,21.58362
151585,21.58362
151635,20.00000
151700,15.56303
151733,18.06180
151782,21.58362
151833,26.44439
151883,58.06180
151933,57.69591
151986,40.50612
152034,25.57507
152086,25.10545
152135,23.52183
152185,16.90196
152234,18.06180
152283,15.56303
152333,24.60898
152384,26.44439
152434,22.27887
152485,16.90196
152533,15.56303
152585,20.82785
152633,24.60898
152684,25.57507
152748,23.52183
152783,15.56303
152835,21.58362
152885,30.62958
152934,16.90196
152984,20.82785
153037,23.52183
153085,20.82785
153135,23.52183
153185,20.82785
153234,15.56303
153284,15.56303
153335,15.56303
153386,12.04120
153436,13.97940
153483,9.54243
153534,16.90196
153586,12.04120
153635,12.04120
153685,12.04120
153754,13.97940
153783,13.97940
153833,28.62728
153883,25.57507
153934,30.62958
153985,22.92256
154034,21.58362
154084,19.08485
154134,26.02060
154184,22.92256
154234,20.00000
154283,18.06180
154334,16.90196
154385,15.56303
154435,12.04120
154483,15.56303
154534,24.08240
154586,24.60898
154635,18.06180
154685,16.90196
154749,15.56303
154784,12.04120
154835,20.82785
154884,22.92256
154934,20.00000
154985,15.56303
155034,16.90196
155084,20.82785
155134,16.90196
155184,16.90196
155235,12.04120
155285,9.54243
155334,18.06180
155385,18.06180
155435,15.56303
155483,15.56303
155534,26.44439
155584,27.23456
155634,19.08485
155684,16.90196
155734,24.60898
155793,26.44439
155834,22.27887
155886,21.58362
155934,20.82785
155986,19.08485
156034,18.06180
156084,13.97940
156134,12.04120
156184,23.52183
156236,21.58362
156288,15.56303
156336,12.04120
156385,13.97940
156434,16.90196
156483,18.06180
156533,28.62728
156585,26.84845
156635,27.60422
156686,23.52183
156734,27.95880
156807,15.56303
156833,15.56303
156884,19.08485
156934,26.84845
156985,25.57507
157033,26.02060
157083,23.52183
157133,20.00000
157183,22.27887
157233,13.97940
157283,26.44439
157332,27.60422
157383,20.82785
157433,13.97940
157483,12.04120
157533,12.04120
157583,12.04120
157636,18.06180
157684,57.72981
157733,59.76226
157786,59.72648
157833,55.86183
157883,56.63740
157934,54.97926
157983,51.86572
158034,53.60671
158083,53.10277
158134,48.16480
158185,52.96720
158234,56.40403
158283,47.38432
158333,37.14665
158383,52.06289
158434,53.92713
158485,53.36772
158536,53.94459
158584,22.27887
158633,22.27887
158685,20.00000
158733,40.66848
158788,49.85521
158832,50.23767
158882,56.81466
158936,58.80036
158985,58.53713
159034,58.65962
159083,52.46499
159133,50.98007
159186,48.39911
159236,48.84960
159284,61.09226
159333,58.53713
159383,49.00498
159433,61.54009
159482,60.32395
159533,51.24586
159583,52.76979
159636,51.24586
159682,54.90150
159732,48.81818
159798,62.30555
159833,51.22203
159882,60.02602
159933,50.44888
159982,59.94773
160034,58.57815
160088,35.26856
160134,22.27887
160184,24.08240
160234,26.44439
160287,28.94316
160334,42.41148
160386,32.46499
160433,22.27887
160482,33.44196
160534,18.06180
160583,19.08485
160633,56.72648
